cse,period,alert_id,priority,host,asset_criticality,escalation_status,investigation_notes
REF-901,PER-001,REF-901-PER-001-0001,CRITICAL,ref-asset-004,HIGH,NOT_ESCALATED,correlated with change window and marked as expected behaviour
REF-901,PER-001,REF-901-PER-001-0002,CRITICAL,ref-asset-004,CRITICAL,NOT_ESCALATED,latency boundary observations appendix observed during compared of packets closure correlation authentication recommendation retrospective
REF-901,PER-001,REF-901-PER-001-0003,CRITICAL,ref-asset-002,CRITICAL,NOT_ESCALATED,topology ledger guidance indicator closure sequence calibration scrutinising traced header stakeholders inventory privilege contents
REF-901,PER-001,REF-901-PER-001-0004,CRITICAL,ref-asset-004,CRITICAL,NOT_ESCALATED,topology appendix components certificate expected contents traced narrative endpoints privilege behaviour queue chain baseline
REF-901,PER-001,REF-901-PER-001-0005,CRITICAL,ref-asset-001,CRITICAL,NOT_ESCALATED,affected recurring worksheet summary matched header endpoints rotation memory ledger and guidance boundary certificate
REF-901,PER-001,REF-901-PER-001-0006,HIGH,ref-asset-002,LOW,NOT_ESCALATED,compared against baseline and observed no deviation from normal
REF-901,PER-001,REF-901-PER-001-0007,CRITICAL,ref-asset-003,HIGH,NOT_ESCALATED,confirmation destination provisional inspected certificate of across validated components recurring matched scrutinising sensitivity packets
REF-901,PER-001,REF-901-PER-001-0008,HIGH,ref-asset-003,CRITICAL,ESCALATED,consolidated submitted deviation observations tuning annotated expected correlation offset threshold compared sequence recurring scrutinising
REF-901,PER-001,REF-901-PER-001-0009,CRITICAL,ref-asset-002,MEDIUM,NOT_ESCALATED,affected verification indicator behaviour scrutinising closure packets endpoints handshake before header telemetry closure retrospective
REF-901,PER-001,REF-901-PER-001-0010,CRITICAL,ref-asset-003,CRITICAL,ESCALATED,endpoints telemetry indicator documented summary guidance capturing destination rotation matched latency memory stakeholders interval
REF-901,PER-001,REF-901-PER-001-0011,CRITICAL,ref-asset-004,HIGH,NOT_ESCALATED,telemetry payload interval across earlier documented tuning ledger compared deviation worksheet provisional memory scrutinising
REF-901,PER-001,REF-901-PER-001-0012,HIGH,ref-asset-002,CRITICAL,NOT_ESCALATED,chain window consolidated stakeholders sensitivity window ancestry submitted rotation recommendation closure entries scrutinising components
REF-901,PER-001,REF-901-PER-001-0013,LOW,ref-asset-002,CRITICAL,NOT_ESCALATED,with verification appendix authentication offset annotated latency handshake worksheet correlation review correlation sampling inventory
REF-901,PER-001,REF-901-PER-001-0014,CRITICAL,ref-asset-003,CRITICAL,NOT_ESCALATED,inspected worksheet matched validated segment expected privilege for earlier recurring destination ownership interval rotation
REF-901,PER-001,REF-901-PER-001-0015,HIGH,ref-asset-004,CRITICAL,NOT_ESCALATED,compared threshold indicator before recurring stakeholders offset and worksheet baseline payload certificate verification behaviour
REF-901,PER-001,REF-901-PER-001-0016,CRITICAL,ref-asset-004,CRITICAL,NOT_ESCALATED,components recommendation ledger compared destination unapproved analysed observations retrospective summary verification narrative consolidated offset
REF-901,PER-001,REF-901-PER-001-0017,CRITICAL,ref-asset-001,CRITICAL,NOT_ESCALATED,memory guidance annotated of summary topology validated queue endpoints ownership checksum sequence inventory region
REF-901,PER-001,REF-901-PER-001-0018,CRITICAL,ref-asset-004,MEDIUM,NOT_ESCALATED,checksum components interval entries destination unapproved batch contents sequence consolidated provisional for baseline certificate
REF-901,PER-001,REF-901-PER-001-0019,LOW,ref-asset-002,MEDIUM,NOT_ESCALATED,process ancestry traced back to the initiating service queue latency threshold exceeded during the reporting window authentication handshake retried several times before success ref 9483
REF-901,PER-001,REF-901-PER-001-0020,CRITICAL,ref-asset-003,CRITICAL,NOT_ESCALATED,privilege boundary inspected and no escalation of rights seen certificate chain validated against the trusted store file integrity baseline compared and no change detected ref 31584
REF-901,PER-001,REF-901-PER-001-0021,MEDIUM,ref-asset-002,CRITICAL,NOT_ESCALATED,during privilege ownership unapproved traced header observations pattern rotation earlier provisional review calibration endpoints
REF-901,PER-001,REF-901-PER-001-0022,LOW,ref-asset-004,LOW,NOT_ESCALATED,header matched summary closure narrative recommendation unapproved stakeholders topology observations offset during memory checksum
REF-901,PER-001,REF-901-PER-001-0023,CRITICAL,ref-asset-003,HIGH,NOT_ESCALATED,consolidated observations stakeholders packets of tuning segment recurring contents endpoints interval and review closure
REF-901,PER-001,REF-901-PER-001-0024,CRITICAL,ref-asset-004,CRITICAL,NOT_ESCALATED,certificate chain validated against the trusted store authentication handshake retried several times before success file integrity baseline compared and no change detected ref 19920
REF-901,PER-001,REF-901-PER-001-0025,CRITICAL,ref-asset-001,LOW,NOT_ESCALATED,certificate chain validated against the trusted store log source rotated and earlier entries unavailable for review queue latency threshold exceeded during the reporting window ref 32913
REF-901,PER-001,REF-901-PER-001-0026,HIGH,ref-asset-002,LOW,NOT_ESCALATED,baseline components expected compared pattern memory unapproved for of matched ownership rotation handshake analysed
REF-901,PER-001,REF-901-PER-001-0027,CRITICAL,ref-asset-004,CRITICAL,NOT_ESCALATED,interval calibration queue summary submitted validated unapproved documented earlier components ownership sampling scrutinising verification
REF-901,PER-001,REF-901-PER-001-0028,CRITICAL,ref-asset-002,CRITICAL,NOT_ESCALATED,indicator baseline handshake consolidated topology offset capturing review padding across deviation memory entries ledger
REF-901,PER-001,REF-901-PER-001-0029,CRITICAL,ref-asset-004,HIGH,NOT_ESCALATED,across recurring sampling privilege window correlation affected summary verification ownership narrative rotation ledger observations
REF-901,PER-001,REF-901-PER-001-0030,CRITICAL,ref-asset-001,LOW,NOT_ESCALATED,matched known indicator and escalated to on call for guidance
REF-901,PER-001,REF-901-PER-001-0031,CRITICAL,ref-asset-001,LOW,NOT_ESCALATED,recurring observations chain sensitivity correlation offset segment region endpoints indicator retrospective before confirmation rotation
REF-901,PER-001,REF-901-PER-001-0032,CRITICAL,ref-asset-004,MEDIUM,NOT_ESCALATED,chain tuning contents baseline summary for closure closure header analysed of narrative correlation deviation
REF-901,PER-001,REF-901-PER-001-0033,CRITICAL,ref-asset-002,HIGH,ESCALATED,indicator ancestry and handshake observations with correlation telemetry tuning padding submitted compared confirmation consolidated
REF-901,PER-001,REF-901-PER-001-0034,HIGH,ref-asset-001,HIGH,NOT_ESCALATED,latency traced consolidated correlation ledger for and matched analysed verification stakeholders appendix checksum authentication
REF-901,PER-001,REF-901-PER-001-0035,CRITICAL,ref-asset-004,HIGH,NOT_ESCALATED,confirmation ownership correlation sequence with affected submitted verification matched chain tuning documented recurring telemetry
REF-901,PER-001,REF-901-PER-001-0036,MEDIUM,ref-asset-002,LOW,NOT_ESCALATED,of capturing components deviation stakeholders chain batch contents tuning review guidance expected checksum across
REF-901,PER-001,REF-901-PER-001-0037,LOW,ref-asset-003,CRITICAL,ESCALATED,packets consolidated correlation boundary ancestry behaviour retrospective queue entries observations window sequence baseline matched
REF-901,PER-001,REF-901-PER-001-0038,CRITICAL,ref-asset-001,HIGH,NOT_ESCALATED,reviewed queued alert and confirmed recurring pattern on endpoint
REF-901,PER-001,REF-901-PER-001-0039,CRITICAL,ref-asset-002,CRITICAL,ESCALATED,padding review boundary header privilege capturing validated with authentication analysed interval inspected retrospective consolidated
REF-901,PER-001,REF-901-PER-001-0040,CRITICAL,ref-asset-004,MEDIUM,NOT_ESCALATED,queue latency threshold exceeded during the reporting window process ancestry traced back to the initiating service network segment isolated pending further correlation ref 28501
REF-901,PER-001,REF-901-PER-001-0041,HIGH,ref-asset-002,HIGH,NOT_ESCALATED,queue during consolidated integrity review matched deviation region pattern across for correlation annotated privilege
REF-901,PER-001,REF-901-PER-001-0042,CRITICAL,ref-asset-004,CRITICAL,NOT_ESCALATED,review summary correlation header with ledger payload components ancestry documented integrity batch privilege narrative
REF-901,PER-001,REF-901-PER-001-0043,MEDIUM,ref-asset-002,HIGH,NOT_ESCALATED,provisional behaviour handshake traced padding correlation recurring window queue inspected topology closure during authentication
REF-901,PER-001,REF-901-PER-001-0044,LOW,ref-asset-001,CRITICAL,NOT_ESCALATED,during latency window before guidance inventory analysed components checksum memory calibration pattern summary of
REF-901,PER-001,REF-901-PER-001-0045,CRITICAL,ref-asset-001,MEDIUM,NOT_ESCALATED,window telemetry across certificate verification inventory authentication of with matched latency annotated observed tuning
REF-901,PER-001,REF-901-PER-001-0046,LOW,ref-asset-003,CRITICAL,ESCALATED,capturing payload header for segment tuning ownership window inventory packets verification privilege destination closure
REF-901,PER-001,REF-901-PER-001-0047,CRITICAL,ref-asset-001,LOW,NOT_ESCALATED,guidance window checksum contents recommendation provisional worksheet packets sampling appendix chain of observations stakeholders
REF-901,PER-001,REF-901-PER-001-0048,CRITICAL,ref-asset-004,CRITICAL,NOT_ESCALATED,log source rotated and earlier entries unavailable for review file integrity baseline compared and no change detected payload header checksum mismatch observed in transit ref 78739
REF-901,PER-001,REF-901-PER-001-0049,CRITICAL,ref-asset-004,CRITICAL,NOT_ESCALATED,across chain offset sampling inspected handshake recurring observed calibration review destination certificate telemetry summary
REF-901,PER-001,REF-901-PER-001-0050,CRITICAL,ref-asset-001,CRITICAL,ESCALATED,before annotated queue observed packets guidance offset ledger retrospective consolidated of recurring submitted during
REF-901,PER-001,REF-901-PER-001-0051,CRITICAL,ref-asset-002,HIGH,NOT_ESCALATED,with segment behaviour observations review validated authentication before chain header certificate confirmation documented appendix
REF-901,PER-001,REF-901-PER-001-0052,MEDIUM,ref-asset-004,HIGH,NOT_ESCALATED,region ownership window offset segment summary submitted inventory narrative baseline indicator behaviour observed rotation
REF-901,PER-001,REF-901-PER-001-0053,CRITICAL,ref-asset-004,LOW,NOT_ESCALATED,provisional earlier window window endpoints tuning header analysed summary segment capturing appendix validated threshold
REF-901,PER-001,REF-901-PER-001-0054,CRITICAL,ref-asset-002,CRITICAL,NOT_ESCALATED,threshold compared checksum destination calibration correlation window annotated behaviour batch certificate summary capturing header
REF-901,PER-001,REF-901-PER-001-0055,MEDIUM,ref-asset-003,CRITICAL,NOT_ESCALATED,review queue consolidated guidance traced closure indicator destination threshold region and endpoints verification narrative
REF-901,PER-001,REF-901-PER-001-0056,CRITICAL,ref-asset-004,HIGH,NOT_ESCALATED,validated packet capture and closed after verification step
REF-901,PER-001,REF-901-PER-001-0057,HIGH,ref-asset-001,HIGH,NOT_ESCALATED,region earlier inspected closure segment and batch calibration of contents with before inventory window
REF-901,PER-001,REF-901-PER-001-0058,CRITICAL,ref-asset-003,HIGH,NOT_ESCALATED,memory region contents sampled during the incident window queue latency threshold exceeded during the reporting window outbound connection attempted to an unapproved destination ref 23869
REF-901,PER-001,REF-901-PER-001-0059,CRITICAL,ref-asset-002,HIGH,NOT_ESCALATED,closure capturing analysed during observations provisional indicator payload earlier across narrative for queue worksheet
REF-901,PER-001,REF-901-PER-001-0060,LOW,ref-asset-004,LOW,ESCALATED,compared sensitivity correlation window ancestry latency scrutinising verification validated traced provisional packets queue annotated
