cse,period,alert_id,priority,escalation_status,threat_type,host,investigation_notes
NS-A01,Period-1,NS-0001,CRITICAL,,Ransomware,DB-PROD-01,"Controller domain resolved and sinkholed"
NS-A01,Period-1,NS-0002,CRITICAL,,DataExfiltration,DB-PROD-02,"Baseline transfer volume established for review"
NS-A01,Period-1,NS-0003,HIGH,not_escalated,Phishing,MTA-PROD-01,"Sender reputation degraded after first report"
NS-A01,Period-2,NS-0004,CRITICAL,escalated,Ransomware,DB-PROD-01,"Restore point identified and switch to it rehearsed"
NS-A01,Period-2,NS-0005,CRITICAL,escalated,DataExfiltration,DB-PROD-02,"Egress path documented for the change window"
NS-B02,Period-1,NS-0006,CRITICAL,escalated,Malware,WEB-PROD-01,"Beaconing host isolated and imaged for analysis"
NS-B02,Period-1,NS-0007,CRITICAL,not_escalated,WebIntrusion,WEB-PROD-02,"Compromised web process restarted, forensic copy pending"
NS-B02,Period-1,NS-0024,CRITICAL,,Ransomware,DB-PROD-06,"Shadow copy deletion attempted, outcome not yet written up"
NS-B02,Period-2,NS-0008,CRITICAL,pending_review,Malware,WEB-PROD-01,"Second host beaconing to the same infrastructure"
NS-C03,Period-1,NS-0009,LOW,,Spam,MTA-PROD-01,"Relay reputation tracked by the mail team"
NS-C03,Period-1,NS-0010,MEDIUM,,Phishing,MTA-PROD-02,"Lookalike domain reported to the registrar"
NS-C03,Period-2,NS-0011,HIGH,,Malware,WEB-PROD-01,"Detection signature coverage noted for later tuning"
NS-C03,Period-2,NS-0012,LOW,not_escalated,Spam,MTA-PROD-01,"Bulk sender allowlist entry proposed"
NS-D04,Period-1,NS-0013,CRITICAL,N/A,Ransomware,DB-PROD-03,"Backup integrity report requested, not yet returned"
NS-D04,Period-1,NS-0014,CRITICAL,,DataExfiltration,DB-PROD-04,"Replication lag investigated, cause still open"
NS-D04,Period-2,NS-0015,CRITICAL,ESCALATED,Ransomware,DB-PROD-03,"Failover tested and recovery time recorded"
NS-D04,Period-2,NS-0016,CRITICAL,Not Escalated,Malware,WEB-PROD-04,"Persistence mechanism identified, scope still expanding"
NS-E05,Period-1,NS-0017,CRITICAL,escalated,Ransomware,DB-PROD-05,"Recovery exercise completed with the infrastructure team"
NS-E05,Period-1,NS-0018,HIGH,escalated,Malware,WEB-PROD-05,"Malware family attributed to a known actor cluster"
NS-E05,Period-2,NS-0019,MEDIUM,escalated,Phishing,MTA-PROD-03,"Phishing kit takedown requested from the hosting provider"
NS-F06,Period-1,NS-0020,HIGH,,Malware,WEB-PROD-06,"C2 domain registered two days before the alert fired"
NS-F06,Period-1,NS-0021,MEDIUM,,WebIntrusion,WEB-PROD-07,"Web shell uploaded to a public upload directory"
NS-F06,Period-2,NS-0022,LOW,,Spam,MTA-PROD-04,"No escalation expected at this severity for this entity"
NS-F06,Period-2,NS-0023,MEDIUM,,Spam,MTA-PROD-05,"No escalation expected at this severity for this entity"
