alert_id,cse_id,asset_id,asset_criticality,alert_type,severity,source,assigned_analyst,soc_profile,status,response_time_minutes,closure_time_minutes,sla_breach,escalated,remediation_recorded,created_time
ALERT_00001,CSE_003,ASSET_0028,TIER-1,UNAUTHORIZED_ACCESS,LOW,THREAT_INTELLIGENCE,ANL_035,OVERLOADED,FALSE_POSITIVE,94,94,False,True,False,2026-09-21T07:52:05.395791
ALERT_00002,CSE_002,ASSET_0019,TIER-2,PHISHING,LOW,IDS,ANL_022,NORMAL,INVESTIGATING,5,5,False,True,True,2026-09-24T00:01:05.395826
ALERT_00003,CSE_006,ASSET_0056,TIER-2,CONFIGURATION_CHANGE,LOW,IDS,ANL_039,OVERLOADED,FALSE_POSITIVE,134,134,False,True,True,2026-09-22T01:03:05.395842
ALERT_00004,CSE_002,ASSET_0015,TIER-2,RANSOMWARE,MEDIUM,THREAT_INTELLIGENCE,ANL_024,NORMAL,INVESTIGATING,5,5,False,True,True,2026-09-23T01:30:05.395854
ALERT_00005,CSE_006,ASSET_0054,TIER-3,MALWARE,MEDIUM,THREAT_INTELLIGENCE,ANL_032,OVERLOADED,RESOLVED,241,241,True,True,False,2026-09-20T15:46:05.395864
ALERT_00006,CSE_005,ASSET_0041,TIER-3,PRIVILEGE_ESCALATION,MEDIUM,THREAT_INTELLIGENCE,ANL_049,OVERLOADED,FALSE_POSITIVE,306,306,True,True,True,2026-09-22T03:40:05.395874
ALERT_00007,CSE_005,ASSET_0038,TIER-3,RANSOMWARE,LOW,FIREWALL,ANL_032,OVERLOADED,RESOLVED,429,429,True,False,True,2026-09-22T07:15:05.395884
ALERT_00008,CSE_008,ASSET_0064,TIER-3,DDoS,LOW,FIREWALL,ANL_017,NORMAL,FALSE_POSITIVE,87,87,False,False,True,2026-09-22T20:48:05.395893
ALERT_00009,CSE_013,ASSET_0100,TIER-1,CONFIGURATION_CHANGE,HIGH,SIEM,ANL_012,MATURE,RESOLVED,4,4,False,True,True,2026-09-23T21:44:05.395904
ALERT_00010,CSE_003,ASSET_0030,TIER-0,UNAUTHORIZED_ACCESS,LOW,FIREWALL,ANL_014,OVERLOADED,INVESTIGATING,380,380,True,True,True,2026-09-21T12:19:05.395913
ALERT_00011,CSE_012,ASSET_0093,TIER-1,PRIVILEGE_ESCALATION,MEDIUM,IDS,ANL_035,NORMAL,RESOLVED,284,284,True,True,True,2026-09-23T14:24:05.395922
ALERT_00012,CSE_005,ASSET_0047,TIER-3,CONFIGURATION_CHANGE,LOW,IDS,ANL_029,OVERLOADED,FALSE_POSITIVE,8,8,False,True,True,2026-09-20T22:35:05.395932
ALERT_00013,CSE_002,ASSET_0016,TIER-3,RANSOMWARE,MEDIUM,FIREWALL,ANL_015,NORMAL,RESOLVED,9,9,False,True,True,2026-09-21T12:42:05.395940
ALERT_00014,CSE_020,ASSET_0159,TIER-1,DATA_EXFILTRATION,MEDIUM,FIREWALL,ANL_045,MATURE,RESOLVED,475,475,True,True,True,2026-09-23T04:26:05.395949
ALERT_00015,CSE_018,ASSET_0147,TIER-2,UNAUTHORIZED_ACCESS,CRITICAL,ENDPOINT_AGENT,ANL_028,NORMAL,OPEN,383,383,True,True,False,2026-09-23T20:08:05.395958
ALERT_00016,CSE_009,ASSET_0069,TIER-2,DATA_EXFILTRATION,LOW,IDS,ANL_019,OVERLOADED,RESOLVED,573,573,True,False,False,2026-09-22T08:25:05.395967
ALERT_00017,CSE_007,ASSET_0059,TIER-2,DDoS,LOW,IDS,ANL_003,NORMAL,RESOLVED,2,2,False,False,True,2026-09-23T17:20:05.395976
ALERT_00018,CSE_016,ASSET_0136,TIER-1,DDoS,HIGH,FIREWALL,ANL_039,OVERLOADED,OPEN,586,586,True,True,True,2026-09-23T18:09:05.395984
ALERT_00019,CSE_001,ASSET_0013,TIER-1,DATA_EXFILTRATION,MEDIUM,IDS,ANL_039,VENDOR_DEPENDENT,INVESTIGATING,284,284,True,True,True,2026-09-22T04:24:05.395994
ALERT_00020,CSE_014,ASSET_0113,TIER-2,PRIVILEGE_ESCALATION,HIGH,FIREWALL,ANL_034,VENDOR_DEPENDENT,FALSE_POSITIVE,9,9,False,True,True,2026-09-22T08:38:05.396003
ALERT_00021,CSE_005,ASSET_0040,TIER-2,PRIVILEGE_ESCALATION,CRITICAL,ENDPOINT_AGENT,ANL_025,OVERLOADED,INVESTIGATING,291,291,True,False,False,2026-09-21T23:42:05.396012
ALERT_00022,CSE_001,ASSET_0003,TIER-1,DDoS,LOW,THREAT_INTELLIGENCE,ANL_023,VENDOR_DEPENDENT,FALSE_POSITIVE,462,462,True,True,True,2026-09-21T18:16:05.396021
ALERT_00023,CSE_009,ASSET_0073,TIER-2,CONFIGURATION_CHANGE,LOW,ENDPOINT_AGENT,ANL_035,OVERLOADED,RESOLVED,451,451,True,False,False,2026-09-21T04:19:05.396029
ALERT_00024,CSE_005,ASSET_0040,TIER-2,PHISHING,HIGH,IDS,ANL_040,OVERLOADED,OPEN,393,393,True,False,False,2026-09-22T15:26:05.396038
ALERT_00025,CSE_016,ASSET_0137,TIER-3,RANSOMWARE,HIGH,SIEM,ANL_016,OVERLOADED,OPEN,306,306,True,False,False,2026-09-22T07:40:05.396046
ALERT_00026,CSE_012,ASSET_0091,TIER-3,PRIVILEGE_ESCALATION,LOW,IDS,ANL_010,NORMAL,INVESTIGATING,401,401,True,True,False,2026-09-21T09:11:05.396054
ALERT_00027,CSE_001,ASSET_0010,TIER-2,MALWARE,MEDIUM,FIREWALL,ANL_029,VENDOR_DEPENDENT,OPEN,5,5,False,True,False,2026-09-22T12:31:05.396065
ALERT_00028,CSE_013,ASSET_0105,TIER-1,PHISHING,LOW,THREAT_INTELLIGENCE,ANL_012,MATURE,RESOLVED,139,139,False,True,True,2026-09-21T15:39:05.396074
ALERT_00029,CSE_015,ASSET_0125,TIER-1,DATA_EXFILTRATION,HIGH,SIEM,ANL_028,NORMAL,RESOLVED,8,8,False,True,False,2026-09-20T18:57:05.396084
ALERT_00030,CSE_004,ASSET_0035,TIER-1,DDoS,CRITICAL,THREAT_INTELLIGENCE,ANL_024,VENDOR_DEPENDENT,FALSE_POSITIVE,497,497,True,False,False,2026-09-21T12:58:05.396093
ALERT_00031,CSE_015,ASSET_0128,TIER-3,CONFIGURATION_CHANGE,MEDIUM,THREAT_INTELLIGENCE,ANL_017,NORMAL,OPEN,357,357,True,True,False,2026-09-20T18:25:05.396101
ALERT_00032,CSE_012,ASSET_0091,TIER-3,DATA_EXFILTRATION,HIGH,THREAT_INTELLIGENCE,ANL_026,NORMAL,RESOLVED,9,9,False,True,False,2026-09-22T17:23:05.396110
ALERT_00033,CSE_001,ASSET_0013,TIER-1,CONFIGURATION_CHANGE,CRITICAL,THREAT_INTELLIGENCE,ANL_022,VENDOR_DEPENDENT,RESOLVED,313,313,True,True,True,2026-09-22T06:57:05.396118
ALERT_00034,CSE_008,ASSET_0068,TIER-3,MALWARE,MEDIUM,IDS,ANL_018,NORMAL,FALSE_POSITIVE,1,1,False,True,True,2026-09-22T06:21:05.396127
ALERT_00035,CSE_019,ASSET_0157,TIER-2,RANSOMWARE,CRITICAL,IDS,ANL_043,VENDOR_DEPENDENT,OPEN,157,157,True,True,False,2026-09-22T13:52:05.396136
ALERT_00036,CSE_004,ASSET_0033,TIER-1,MALWARE,LOW,IDS,ANL_017,VENDOR_DEPENDENT,FALSE_POSITIVE,80,80,False,True,True,2026-09-23T17:52:05.396144
ALERT_00037,CSE_001,ASSET_0006,TIER-1,MALWARE,HIGH,FIREWALL,ANL_007,VENDOR_DEPENDENT,FALSE_POSITIVE,7,7,False,True,False,2026-09-22T01:25:05.396152
ALERT_00038,CSE_001,ASSET_0014,TIER-2,PRIVILEGE_ESCALATION,MEDIUM,SIEM,ANL_005,VENDOR_DEPENDENT,OPEN,3,3,False,True,True,2026-09-23T09:05:05.396161
ALERT_00039,CSE_001,ASSET_0013,TIER-1,MALWARE,CRITICAL,IDS,ANL_033,VENDOR_DEPENDENT,FALSE_POSITIVE,312,312,True,True,False,2026-09-21T13:40:05.396172
ALERT_00040,CSE_016,ASSET_0137,TIER-3,UNAUTHORIZED_ACCESS,HIGH,FIREWALL,ANL_040,OVERLOADED,RESOLVED,360,360,True,True,True,2026-09-21T07:52:05.396181
ALERT_00041,CSE_015,ASSET_0126,TIER-1,MALWARE,LOW,SIEM,ANL_029,NORMAL,OPEN,10,10,False,True,True,2026-09-23T01:29:05.396189
ALERT_00042,CSE_005,ASSET_0042,TIER-0,DATA_EXFILTRATION,MEDIUM,ENDPOINT_AGENT,ANL_015,OVERLOADED,RESOLVED,228,228,True,True,False,2026-09-23T22:59:05.396197
ALERT_00043,CSE_001,ASSET_0007,TIER-0,PRIVILEGE_ESCALATION,LOW,IDS,ANL_030,VENDOR_DEPENDENT,RESOLVED,258,258,True,True,False,2026-09-21T17:37:05.396206
ALERT_00044,CSE_010,ASSET_0080,TIER-1,PRIVILEGE_ESCALATION,HIGH,SIEM,ANL_014,MATURE,RESOLVED,521,521,True,True,True,2026-09-22T17:23:05.396214
ALERT_00045,CSE_015,ASSET_0121,TIER-0,RANSOMWARE,LOW,SIEM,ANL_002,NORMAL,INVESTIGATING,501,501,True,False,True,2026-09-23T09:37:05.396222
ALERT_00046,CSE_012,ASSET_0092,TIER-2,DDoS,LOW,SIEM,ANL_036,NORMAL,RESOLVED,411,411,True,False,False,2026-09-21T04:22:05.396231
ALERT_00047,CSE_007,ASSET_0060,TIER-2,DATA_EXFILTRATION,LOW,THREAT_INTELLIGENCE,ANL_035,NORMAL,OPEN,186,186,False,False,True,2026-09-22T22:18:05.396239
ALERT_00048,CSE_005,ASSET_0037,TIER-1,UNAUTHORIZED_ACCESS,LOW,SIEM,ANL_033,OVERLOADED,RESOLVED,251,251,True,False,False,2026-09-20T19:24:05.396247
ALERT_00049,CSE_019,ASSET_0156,TIER-0,DATA_EXFILTRATION,HIGH,ENDPOINT_AGENT,ANL_047,VENDOR_DEPENDENT,RESOLVED,92,92,True,True,False,2026-09-22T11:35:05.396257
ALERT_00050,CSE_018,ASSET_0145,TIER-0,DATA_EXFILTRATION,LOW,ENDPOINT_AGENT,ANL_019,NORMAL,RESOLVED,8,8,False,True,True,2026-09-21T18:50:05.396266
ALERT_00051,CSE_008,ASSET_0064,TIER-3,RANSOMWARE,LOW,THREAT_INTELLIGENCE,ANL_038,NORMAL,FALSE_POSITIVE,4,4,False,False,False,2026-09-22T07:06:05.396274
ALERT_00052,CSE_002,ASSET_0017,TIER-2,DATA_EXFILTRATION,LOW,THREAT_INTELLIGENCE,ANL_002,NORMAL,OPEN,512,512,True,True,False,2026-09-22T11:37:05.396282
ALERT_00053,CSE_015,ASSET_0122,TIER-2,CONFIGURATION_CHANGE,MEDIUM,FIREWALL,ANL_045,NORMAL,OPEN,533,533,True,False,True,2026-09-21T20:06:05.396291
ALERT_00054,CSE_014,ASSET_0114,TIER-2,DATA_EXFILTRATION,MEDIUM,SIEM,ANL_031,VENDOR_DEPENDENT,OPEN,10,10,False,True,False,2026-09-22T00:50:05.396299
ALERT_00055,CSE_001,ASSET_0007,TIER-0,PRIVILEGE_ESCALATION,LOW,ENDPOINT_AGENT,ANL_005,VENDOR_DEPENDENT,RESOLVED,10,10,False,True,False,2026-09-22T08:37:05.396308
ALERT_00056,CSE_012,ASSET_0096,TIER-2,UNAUTHORIZED_ACCESS,HIGH,ENDPOINT_AGENT,ANL_017,NORMAL,INVESTIGATING,313,313,True,True,False,2026-09-21T05:54:05.396316
ALERT_00057,CSE_006,ASSET_0055,TIER-2,DDoS,MEDIUM,FIREWALL,ANL_050,OVERLOADED,INVESTIGATING,207,207,True,True,False,2026-09-23T18:53:05.396325
ALERT_00058,CSE_005,ASSET_0039,TIER-3,CONFIGURATION_CHANGE,LOW,IDS,ANL_022,OVERLOADED,RESOLVED,1,1,False,True,True,2026-09-23T11:08:05.396333
ALERT_00059,CSE_001,ASSET_0010,TIER-2,DDoS,MEDIUM,FIREWALL,ANL_027,VENDOR_DEPENDENT,OPEN,431,431,True,False,False,2026-09-22T16:40:05.396344
ALERT_00060,CSE_015,ASSET_0122,TIER-2,RANSOMWARE,LOW,THREAT_INTELLIGENCE,ANL_050,NORMAL,FALSE_POSITIVE,3,3,False,True,True,2026-09-21T21:31:05.396353
ALERT_00061,CSE_020,ASSET_0160,TIER-1,PHISHING,MEDIUM,FIREWALL,ANL_006,MATURE,FALSE_POSITIVE,504,504,True,True,True,2026-09-23T15:14:05.396361
ALERT_00062,CSE_016,ASSET_0134,TIER-0,PRIVILEGE_ESCALATION,MEDIUM,IDS,ANL_042,OVERLOADED,OPEN,39,39,False,False,False,2026-09-20T17:12:05.396369
ALERT_00063,CSE_014,ASSET_0116,TIER-0,RANSOMWARE,LOW,THREAT_INTELLIGENCE,ANL_050,VENDOR_DEPENDENT,FALSE_POSITIVE,517,517,True,True,True,2026-09-21T09:20:05.396378
ALERT_00064,CSE_014,ASSET_0118,TIER-2,DDoS,HIGH,FIREWALL,ANL_003,VENDOR_DEPENDENT,RESOLVED,6,6,False,True,False,2026-09-20T22:20:05.396386
ALERT_00065,CSE_003,ASSET_0026,TIER-3,PHISHING,MEDIUM,THREAT_INTELLIGENCE,ANL_005,OVERLOADED,INVESTIGATING,194,194,True,True,True,2026-09-21T17:29:05.396395
ALERT_00066,CSE_004,ASSET_0033,TIER-1,UNAUTHORIZED_ACCESS,MEDIUM,IDS,ANL_003,VENDOR_DEPENDENT,RESOLVED,10,10,False,True,False,2026-09-23T07:40:05.396404
ALERT_00067,CSE_012,ASSET_0098,TIER-2,DDoS,CRITICAL,ENDPOINT_AGENT,ANL_037,NORMAL,OPEN,508,508,True,True,True,2026-09-23T23:39:05.396412
ALERT_00068,CSE_001,ASSET_0010,TIER-2,CONFIGURATION_CHANGE,HIGH,FIREWALL,ANL_023,VENDOR_DEPENDENT,FALSE_POSITIVE,500,500,True,False,False,2026-09-23T03:09:05.396421
ALERT_00069,CSE_003,ASSET_0020,TIER-2,PHISHING,MEDIUM,IDS,ANL_047,OVERLOADED,OPEN,599,599,True,False,True,2026-09-21T08:50:05.396431
ALERT_00070,CSE_018,ASSET_0145,TIER-0,RANSOMWARE,MEDIUM,SIEM,ANL_049,NORMAL,FALSE_POSITIVE,7,7,False,True,False,2026-09-23T01:50:05.396439
ALERT_00071,CSE_010,ASSET_0077,TIER-2,RANSOMWARE,HIGH,IDS,ANL_035,MATURE,RESOLVED,220,220,True,True,False,2026-09-22T18:31:05.396447
ALERT_00072,CSE_001,ASSET_0011,TIER-3,PRIVILEGE_ESCALATION,MEDIUM,ENDPOINT_AGENT,ANL_016,VENDOR_DEPENDENT,INVESTIGATING,121,121,True,True,False,2026-09-22T18:35:05.396456
ALERT_00073,CSE_019,ASSET_0153,TIER-0,MALWARE,HIGH,ENDPOINT_AGENT,ANL_009,VENDOR_DEPENDENT,INVESTIGATING,514,514,True,True,False,2026-09-22T20:27:05.396464
ALERT_00074,CSE_013,ASSET_0100,TIER-1,UNAUTHORIZED_ACCESS,MEDIUM,FIREWALL,ANL_017,MATURE,FALSE_POSITIVE,166,166,True,True,True,2026-09-22T19:02:05.396472
ALERT_00075,CSE_014,ASSET_0113,TIER-2,DATA_EXFILTRATION,LOW,SIEM,ANL_037,VENDOR_DEPENDENT,FALSE_POSITIVE,2,2,False,True,True,2026-09-23T21:43:05.396480
ALERT_00076,CSE_005,ASSET_0047,TIER-3,PRIVILEGE_ESCALATION,CRITICAL,IDS,ANL_033,OVERLOADED,FALSE_POSITIVE,152,152,True,False,False,2026-09-20T20:06:05.396488
ALERT_00077,CSE_009,ASSET_0071,TIER-1,PRIVILEGE_ESCALATION,LOW,ENDPOINT_AGENT,ANL_031,OVERLOADED,FALSE_POSITIVE,270,270,True,True,False,2026-09-22T14:31:05.396497
ALERT_00078,CSE_020,ASSET_0163,TIER-2,CONFIGURATION_CHANGE,LOW,FIREWALL,ANL_028,MATURE,OPEN,319,319,True,True,True,2026-09-21T06:45:05.396505
ALERT_00079,CSE_012,ASSET_0098,TIER-2,PRIVILEGE_ESCALATION,MEDIUM,ENDPOINT_AGENT,ANL_016,NORMAL,RESOLVED,404,404,True,True,False,2026-09-23T00:23:05.396516
ALERT_00080,CSE_004,ASSET_0035,TIER-1,PRIVILEGE_ESCALATION,MEDIUM,IDS,ANL_003,VENDOR_DEPENDENT,INVESTIGATING,297,297,True,True,False,2026-09-23T08:07:05.396525
ALERT_00081,CSE_017,ASSET_0140,TIER-1,CONFIGURATION_CHANGE,MEDIUM,FIREWALL,ANL_013,MATURE,INVESTIGATING,525,525,True,False,True,2026-09-21T22:05:05.396533
ALERT_00082,CSE_005,ASSET_0045,TIER-2,RANSOMWARE,LOW,ENDPOINT_AGENT,ANL_020,OVERLOADED,OPEN,7,7,False,False,True,2026-09-23T16:24:05.396542
ALERT_00083,CSE_007,ASSET_0062,TIER-3,UNAUTHORIZED_ACCESS,LOW,FIREWALL,ANL_001,NORMAL,INVESTIGATING,371,371,True,True,True,2026-09-21T19:15:05.396579
ALERT_00084,CSE_018,ASSET_0152,TIER-2,PRIVILEGE_ESCALATION,LOW,ENDPOINT_AGENT,ANL_005,NORMAL,OPEN,282,282,True,False,True,2026-09-22T12:26:05.396588
ALERT_00085,CSE_001,ASSET_0007,TIER-0,DATA_EXFILTRATION,MEDIUM,ENDPOINT_AGENT,ANL_020,VENDOR_DEPENDENT,OPEN,327,327,True,True,False,2026-09-20T17:38:05.396596
ALERT_00086,CSE_020,ASSET_0163,TIER-2,DDoS,MEDIUM,SIEM,ANL_016,MATURE,INVESTIGATING,535,535,True,False,True,2026-09-23T23:22:05.396605
ALERT_00087,CSE_005,ASSET_0039,TIER-3,DDoS,CRITICAL,FIREWALL,ANL_001,OVERLOADED,OPEN,549,549,True,True,True,2026-09-21T00:34:05.396613
ALERT_00088,CSE_018,ASSET_0150,TIER-0,UNAUTHORIZED_ACCESS,MEDIUM,IDS,ANL_050,NORMAL,INVESTIGATING,121,121,True,True,True,2026-09-24T00:05:05.396621
ALERT_00089,CSE_001,ASSET_0013,TIER-1,DATA_EXFILTRATION,HIGH,FIREWALL,ANL_028,VENDOR_DEPENDENT,OPEN,323,323,True,False,False,2026-09-21T16:55:05.396632
ALERT_00090,CSE_016,ASSET_0138,TIER-2,PRIVILEGE_ESCALATION,LOW,IDS,ANL_027,OVERLOADED,OPEN,595,595,True,False,True,2026-09-21T22:13:05.396642
ALERT_00091,CSE_019,ASSET_0154,TIER-0,CONFIGURATION_CHANGE,MEDIUM,THREAT_INTELLIGENCE,ANL_023,VENDOR_DEPENDENT,FALSE_POSITIVE,287,287,True,False,False,2026-09-22T22:44:05.396652
ALERT_00092,CSE_005,ASSET_0037,TIER-1,MALWARE,HIGH,FIREWALL,ANL_036,OVERLOADED,INVESTIGATING,574,574,True,False,True,2026-09-23T07:17:05.396661
ALERT_00093,CSE_014,ASSET_0117,TIER-2,DDoS,MEDIUM,THREAT_INTELLIGENCE,ANL_042,VENDOR_DEPENDENT,INVESTIGATING,490,490,True,False,False,2026-09-23T21:39:05.396669
ALERT_00094,CSE_016,ASSET_0139,TIER-0,MALWARE,LOW,THREAT_INTELLIGENCE,ANL_003,OVERLOADED,RESOLVED,473,473,True,False,False,2026-09-21T12:20:05.396678
ALERT_00095,CSE_014,ASSET_0113,TIER-2,RANSOMWARE,HIGH,THREAT_INTELLIGENCE,ANL_006,VENDOR_DEPENDENT,RESOLVED,64,64,True,False,True,2026-09-21T11:03:05.396686
ALERT_00096,CSE_001,ASSET_0001,TIER-2,PHISHING,LOW,SIEM,ANL_039,VENDOR_DEPENDENT,FALSE_POSITIVE,220,220,False,True,False,2026-09-23T23:35:05.396694
ALERT_00097,CSE_011,ASSET_0083,TIER-2,UNAUTHORIZED_ACCESS,HIGH,FIREWALL,ANL_048,VENDOR_DEPENDENT,FALSE_POSITIVE,190,190,True,True,True,2026-09-23T13:35:05.396703
ALERT_00098,CSE_006,ASSET_0055,TIER-2,PRIVILEGE_ESCALATION,MEDIUM,SIEM,ANL_028,OVERLOADED,RESOLVED,127,127,True,True,True,2026-09-20T19:10:05.396711
ALERT_00099,CSE_005,ASSET_0046,TIER-0,DATA_EXFILTRATION,MEDIUM,SIEM,ANL_026,OVERLOADED,RESOLVED,207,207,True,True,True,2026-09-21T02:40:05.396721
ALERT_00100,CSE_015,ASSET_0133,TIER-2,DATA_EXFILTRATION,LOW,SIEM,ANL_049,NORMAL,RESOLVED,540,540,True,True,True,2026-09-22T09:05:05.396730
ALERT_00101,CSE_014,ASSET_0114,TIER-2,CONFIGURATION_CHANGE,LOW,IDS,ANL_026,VENDOR_DEPENDENT,INVESTIGATING,5,5,False,True,False,2026-09-21T09:48:05.396738
ALERT_00102,CSE_015,ASSET_0126,TIER-1,CONFIGURATION_CHANGE,MEDIUM,SIEM,ANL_035,NORMAL,OPEN,466,466,True,False,False,2026-09-23T15:38:05.396746
ALERT_00103,CSE_014,ASSET_0110,TIER-3,CONFIGURATION_CHANGE,LOW,THREAT_INTELLIGENCE,ANL_011,VENDOR_DEPENDENT,OPEN,557,557,True,True,False,2026-09-22T22:16:05.396754
ALERT_00104,CSE_011,ASSET_0086,TIER-2,UNAUTHORIZED_ACCESS,CRITICAL,SIEM,ANL_007,VENDOR_DEPENDENT,RESOLVED,132,132,True,False,True,2026-09-21T06:43:05.396763
ALERT_00105,CSE_001,ASSET_0005,TIER-1,PRIVILEGE_ESCALATION,LOW,ENDPOINT_AGENT,ANL_001,VENDOR_DEPENDENT,INVESTIGATING,3,3,False,False,False,2026-09-21T23:46:05.396771
ALERT_00106,CSE_003,ASSET_0029,TIER-2,RANSOMWARE,HIGH,SIEM,ANL_047,OVERLOADED,FALSE_POSITIVE,1,1,False,True,False,2026-09-21T01:53:05.396780
ALERT_00107,CSE_004,ASSET_0031,TIER-2,UNAUTHORIZED_ACCESS,LOW,FIREWALL,ANL_045,VENDOR_DEPENDENT,INVESTIGATING,56,56,False,False,False,2026-09-23T18:28:05.396789
ALERT_00108,CSE_001,ASSET_0008,TIER-1,PRIVILEGE_ESCALATION,LOW,SIEM,ANL_041,VENDOR_DEPENDENT,RESOLVED,3,3,False,True,False,2026-09-22T14:32:05.396797
ALERT_00109,CSE_012,ASSET_0096,TIER-2,MALWARE,MEDIUM,THREAT_INTELLIGENCE,ANL_028,NORMAL,RESOLVED,296,296,True,False,True,2026-09-21T15:30:05.396807
ALERT_00110,CSE_017,ASSET_0142,TIER-1,RANSOMWARE,MEDIUM,ENDPOINT_AGENT,ANL_023,MATURE,INVESTIGATING,268,268,True,True,True,2026-09-21T09:07:05.396815
ALERT_00111,CSE_015,ASSET_0132,TIER-3,PHISHING,MEDIUM,ENDPOINT_AGENT,ANL_026,NORMAL,OPEN,516,516,True,False,False,2026-09-20T14:55:05.396824
ALERT_00112,CSE_016,ASSET_0137,TIER-3,CONFIGURATION_CHANGE,HIGH,FIREWALL,ANL_031,OVERLOADED,OPEN,231,231,True,False,True,2026-09-23T15:50:05.396832
ALERT_00113,CSE_003,ASSET_0020,TIER-2,MALWARE,MEDIUM,SIEM,ANL_045,OVERLOADED,INVESTIGATING,473,473,True,True,False,2026-09-22T16:10:05.396840
ALERT_00114,CSE_014,ASSET_0114,TIER-2,PHISHING,LOW,IDS,ANL_021,VENDOR_DEPENDENT,FALSE_POSITIVE,421,421,True,True,False,2026-09-21T12:40:05.396848
ALERT_00115,CSE_014,ASSET_0114,TIER-2,MALWARE,LOW,IDS,ANL_032,VENDOR_DEPENDENT,RESOLVED,228,228,False,True,True,2026-09-22T13:59:05.396856
ALERT_00116,CSE_014,ASSET_0107,TIER-3,UNAUTHORIZED_ACCESS,LOW,IDS,ANL_042,VENDOR_DEPENDENT,FALSE_POSITIVE,514,514,True,False,True,2026-09-21T20:24:05.396865
ALERT_00117,CSE_008,ASSET_0063,TIER-2,RANSOMWARE,HIGH,IDS,ANL_017,NORMAL,RESOLVED,535,535,True,True,True,2026-09-22T12:25:05.396873
ALERT_00118,CSE_002,ASSET_0016,TIER-3,DATA_EXFILTRATION,MEDIUM,SIEM,ANL_040,NORMAL,INVESTIGATING,2,2,False,False,True,2026-09-22T01:21:05.396882
ALERT_00119,CSE_015,ASSET_0119,TIER-2,DATA_EXFILTRATION,MEDIUM,ENDPOINT_AGENT,ANL_015,NORMAL,INVESTIGATING,45,45,False,False,False,2026-09-23T22:21:05.396893
ALERT_00120,CSE_019,ASSET_0156,TIER-0,CONFIGURATION_CHANGE,LOW,THREAT_INTELLIGENCE,ANL_023,VENDOR_DEPENDENT,OPEN,449,449,True,True,False,2026-09-22T17:04:05.396901
ALERT_00121,CSE_016,ASSET_0135,TIER-2,PRIVILEGE_ESCALATION,LOW,ENDPOINT_AGENT,ANL_045,OVERLOADED,RESOLVED,446,446,True,True,True,2026-09-20T16:51:05.396910
ALERT_00122,CSE_003,ASSET_0022,TIER-2,CONFIGURATION_CHANGE,LOW,ENDPOINT_AGENT,ANL_001,OVERLOADED,OPEN,180,180,False,False,True,2026-09-23T02:12:05.396918
ALERT_00123,CSE_014,ASSET_0116,TIER-0,RANSOMWARE,HIGH,FIREWALL,ANL_023,VENDOR_DEPENDENT,OPEN,163,163,True,True,False,2026-09-22T18:24:05.396928
ALERT_00124,CSE_019,ASSET_0157,TIER-2,DATA_EXFILTRATION,LOW,IDS,ANL_027,VENDOR_DEPENDENT,FALSE_POSITIVE,422,422,True,True,True,2026-09-22T08:48:05.396937
ALERT_00125,CSE_007,ASSET_0058,TIER-0,PRIVILEGE_ESCALATION,LOW,THREAT_INTELLIGENCE,ANL_047,NORMAL,RESOLVED,42,42,False,True,False,2026-09-23T09:21:05.396945
ALERT_00126,CSE_017,ASSET_0140,TIER-1,UNAUTHORIZED_ACCESS,MEDIUM,SIEM,ANL_030,MATURE,OPEN,498,498,True,True,True,2026-09-23T11:43:05.396954
ALERT_00127,CSE_006,ASSET_0052,TIER-2,MALWARE,HIGH,IDS,ANL_044,OVERLOADED,OPEN,39,39,False,True,False,2026-09-21T04:54:05.396962
ALERT_00128,CSE_005,ASSET_0037,TIER-1,PHISHING,LOW,THREAT_INTELLIGENCE,ANL_009,OVERLOADED,RESOLVED,1,1,False,True,False,2026-09-21T10:39:05.396971
ALERT_00129,CSE_011,ASSET_0083,TIER-2,DATA_EXFILTRATION,HIGH,SIEM,ANL_009,VENDOR_DEPENDENT,FALSE_POSITIVE,553,553,True,True,False,2026-09-22T00:58:05.396980
ALERT_00130,CSE_010,ASSET_0080,TIER-1,UNAUTHORIZED_ACCESS,HIGH,IDS,ANL_015,MATURE,FALSE_POSITIVE,52,52,False,True,False,2026-09-22T16:29:05.396989
ALERT_00131,CSE_003,ASSET_0029,TIER-2,DATA_EXFILTRATION,LOW,THREAT_INTELLIGENCE,ANL_030,OVERLOADED,OPEN,5,5,False,False,False,2026-09-23T23:27:05.396997
ALERT_00132,CSE_014,ASSET_0113,TIER-2,DDoS,LOW,ENDPOINT_AGENT,ANL_017,VENDOR_DEPENDENT,OPEN,538,538,True,True,False,2026-09-20T23:34:05.397005
ALERT_00133,CSE_020,ASSET_0158,TIER-3,DDoS,LOW,THREAT_INTELLIGENCE,ANL_010,MATURE,FALSE_POSITIVE,529,529,True,True,True,2026-09-20T23:19:05.397014
ALERT_00134,CSE_015,ASSET_0132,TIER-3,CONFIGURATION_CHANGE,CRITICAL,SIEM,ANL_049,NORMAL,FALSE_POSITIVE,520,520,True,True,True,2026-09-22T09:59:05.397022
ALERT_00135,CSE_002,ASSET_0018,TIER-3,MALWARE,MEDIUM,IDS,ANL_037,NORMAL,FALSE_POSITIVE,4,4,False,True,True,2026-09-20T15:55:05.397030
ALERT_00136,CSE_014,ASSET_0116,TIER-0,PHISHING,MEDIUM,ENDPOINT_AGENT,ANL_011,VENDOR_DEPENDENT,OPEN,110,110,False,True,True,2026-09-22T11:48:05.397038
ALERT_00137,CSE_014,ASSET_0112,TIER-3,DATA_EXFILTRATION,MEDIUM,FIREWALL,ANL_049,VENDOR_DEPENDENT,RESOLVED,368,368,True,False,True,2026-09-21T01:44:05.397047
ALERT_00138,CSE_003,ASSET_0027,TIER-0,DATA_EXFILTRATION,LOW,IDS,ANL_020,OVERLOADED,OPEN,55,55,False,True,True,2026-09-20T18:27:05.397055
ALERT_00139,CSE_017,ASSET_0144,TIER-1,PHISHING,MEDIUM,FIREWALL,ANL_011,MATURE,INVESTIGATING,467,467,True,True,True,2026-09-21T13:58:05.397065
ALERT_00140,CSE_010,ASSET_0076,TIER-2,PHISHING,MEDIUM,FIREWALL,ANL_034,MATURE,RESOLVED,277,277,True,False,True,2026-09-22T04:49:05.397073
ALERT_00141,CSE_006,ASSET_0054,TIER-3,MALWARE,HIGH,FIREWALL,ANL_010,OVERLOADED,INVESTIGATING,170,170,True,False,False,2026-09-23T17:06:05.397082
ALERT_00142,CSE_003,ASSET_0020,TIER-2,CONFIGURATION_CHANGE,MEDIUM,THREAT_INTELLIGENCE,ANL_049,OVERLOADED,OPEN,586,586,True,False,True,2026-09-23T16:39:05.397092
ALERT_00143,CSE_014,ASSET_0112,TIER-3,MALWARE,HIGH,SIEM,ANL_020,VENDOR_DEPENDENT,FALSE_POSITIVE,37,37,False,True,False,2026-09-20T18:42:05.397102
ALERT_00144,CSE_014,ASSET_0110,TIER-3,DDoS,MEDIUM,IDS,ANL_047,VENDOR_DEPENDENT,FALSE_POSITIVE,10,10,False,False,True,2026-09-22T10:40:05.397111
ALERT_00145,CSE_001,ASSET_0013,TIER-1,PRIVILEGE_ESCALATION,HIGH,SIEM,ANL_034,VENDOR_DEPENDENT,FALSE_POSITIVE,519,519,True,False,True,2026-09-21T03:27:05.397120
ALERT_00146,CSE_008,ASSET_0065,TIER-1,DDoS,MEDIUM,SIEM,ANL_013,NORMAL,RESOLVED,578,578,True,False,True,2026-09-23T08:56:05.397128
ALERT_00147,CSE_018,ASSET_0146,TIER-1,UNAUTHORIZED_ACCESS,LOW,IDS,ANL_047,NORMAL,INVESTIGATING,387,387,True,True,False,2026-09-22T11:46:05.397136
ALERT_00148,CSE_012,ASSET_0092,TIER-2,PHISHING,LOW,SIEM,ANL_008,NORMAL,OPEN,6,6,False,True,False,2026-09-21T02:38:05.397145
ALERT_00149,CSE_013,ASSET_0102,TIER-1,UNAUTHORIZED_ACCESS,HIGH,THREAT_INTELLIGENCE,ANL_035,MATURE,INVESTIGATING,162,162,True,True,True,2026-09-21T05:24:05.397155
ALERT_00150,CSE_019,ASSET_0154,TIER-0,UNAUTHORIZED_ACCESS,MEDIUM,THREAT_INTELLIGENCE,ANL_007,VENDOR_DEPENDENT,FALSE_POSITIVE,316,316,True,False,False,2026-09-23T05:15:05.397164
ALERT_00151,CSE_002,ASSET_0017,TIER-2,DDoS,CRITICAL,FIREWALL,ANL_010,NORMAL,INVESTIGATING,262,262,True,True,True,2026-09-20T15:07:05.397172
ALERT_00152,CSE_003,ASSET_0021,TIER-2,RANSOMWARE,MEDIUM,IDS,ANL_011,OVERLOADED,INVESTIGATING,67,67,False,True,True,2026-09-21T17:50:05.397181
ALERT_00153,CSE_001,ASSET_0010,TIER-2,DATA_EXFILTRATION,LOW,FIREWALL,ANL_003,VENDOR_DEPENDENT,FALSE_POSITIVE,269,269,True,False,False,2026-09-23T04:20:05.397189
ALERT_00154,CSE_003,ASSET_0023,TIER-1,DDoS,MEDIUM,FIREWALL,ANL_044,OVERLOADED,INVESTIGATING,8,8,False,False,False,2026-09-22T23:02:05.397197
ALERT_00155,CSE_015,ASSET_0132,TIER-3,PRIVILEGE_ESCALATION,MEDIUM,THREAT_INTELLIGENCE,ANL_036,NORMAL,OPEN,360,360,True,True,True,2026-09-22T10:15:05.397207
ALERT_00156,CSE_003,ASSET_0028,TIER-1,MALWARE,MEDIUM,SIEM,ANL_044,OVERLOADED,OPEN,102,102,False,False,False,2026-09-22T12:06:05.397216
ALERT_00157,CSE_015,ASSET_0122,TIER-2,DDoS,HIGH,THREAT_INTELLIGENCE,ANL_010,NORMAL,RESOLVED,103,103,True,False,False,2026-09-22T03:22:05.397224
ALERT_00158,CSE_007,ASSET_0058,TIER-0,DDoS,LOW,THREAT_INTELLIGENCE,ANL_025,NORMAL,INVESTIGATING,322,322,True,False,False,2026-09-23T08:34:05.397233
ALERT_00159,CSE_007,ASSET_0061,TIER-0,DDoS,LOW,IDS,ANL_028,NORMAL,OPEN,5,5,False,True,False,2026-09-21T00:58:05.397243
ALERT_00160,CSE_008,ASSET_0065,TIER-1,MALWARE,MEDIUM,SIEM,ANL_018,NORMAL,RESOLVED,356,356,True,True,True,2026-09-22T09:39:05.397251
ALERT_00161,CSE_004,ASSET_0033,TIER-1,DDoS,LOW,ENDPOINT_AGENT,ANL_019,VENDOR_DEPENDENT,FALSE_POSITIVE,10,10,False,False,True,2026-09-20T17:08:05.397260
ALERT_00162,CSE_001,ASSET_0011,TIER-3,DDoS,MEDIUM,ENDPOINT_AGENT,ANL_048,VENDOR_DEPENDENT,INVESTIGATING,347,347,True,True,True,2026-09-21T03:50:05.397268
ALERT_00163,CSE_005,ASSET_0049,TIER-1,RANSOMWARE,MEDIUM,THREAT_INTELLIGENCE,ANL_006,OVERLOADED,INVESTIGATING,405,405,True,False,False,2026-09-21T02:43:05.397276
ALERT_00164,CSE_018,ASSET_0147,TIER-2,DATA_EXFILTRATION,MEDIUM,SIEM,ANL_040,NORMAL,FALSE_POSITIVE,387,387,True,True,False,2026-09-23T10:00:05.397285
ALERT_00165,CSE_016,ASSET_0135,TIER-2,UNAUTHORIZED_ACCESS,MEDIUM,ENDPOINT_AGENT,ANL_031,OVERLOADED,FALSE_POSITIVE,6,6,False,False,False,2026-09-22T06:20:05.397293
ALERT_00166,CSE_001,ASSET_0007,TIER-0,UNAUTHORIZED_ACCESS,HIGH,IDS,ANL_014,VENDOR_DEPENDENT,OPEN,437,437,True,True,False,2026-09-23T14:20:05.397301
ALERT_00167,CSE_015,ASSET_0123,TIER-0,DDoS,LOW,FIREWALL,ANL_010,NORMAL,FALSE_POSITIVE,6,6,False,True,False,2026-09-23T08:59:05.397309
ALERT_00168,CSE_011,ASSET_0083,TIER-2,DDoS,LOW,THREAT_INTELLIGENCE,ANL_041,VENDOR_DEPENDENT,OPEN,439,439,True,False,False,2026-09-23T00:25:05.397318
ALERT_00169,CSE_005,ASSET_0049,TIER-1,DATA_EXFILTRATION,CRITICAL,IDS,ANL_013,OVERLOADED,RESOLVED,471,471,True,True,False,2026-09-22T16:35:05.397327
ALERT_00170,CSE_001,ASSET_0001,TIER-2,RANSOMWARE,MEDIUM,FIREWALL,ANL_028,VENDOR_DEPENDENT,RESOLVED,231,231,True,True,False,2026-09-22T02:27:05.397336
ALERT_00171,CSE_013,ASSET_0099,TIER-3,UNAUTHORIZED_ACCESS,MEDIUM,SIEM,ANL_029,MATURE,INVESTIGATING,400,400,True,True,True,2026-09-23T23:27:05.397344
ALERT_00172,CSE_015,ASSET_0119,TIER-2,DATA_EXFILTRATION,MEDIUM,SIEM,ANL_013,NORMAL,RESOLVED,9,9,False,False,True,2026-09-21T20:31:05.397353
ALERT_00173,CSE_015,ASSET_0130,TIER-3,PHISHING,LOW,SIEM,ANL_008,NORMAL,RESOLVED,424,424,True,True,True,2026-09-21T10:00:05.397361
ALERT_00174,CSE_002,ASSET_0015,TIER-2,DDoS,MEDIUM,IDS,ANL_046,NORMAL,RESOLVED,334,334,True,True,True,2026-09-21T04:27:05.397369
ALERT_00175,CSE_009,ASSET_0073,TIER-2,RANSOMWARE,HIGH,FIREWALL,ANL_002,OVERLOADED,RESOLVED,551,551,True,False,False,2026-09-23T20:42:05.397378
ALERT_00176,CSE_004,ASSET_0032,TIER-2,PRIVILEGE_ESCALATION,LOW,SIEM,ANL_032,VENDOR_DEPENDENT,FALSE_POSITIVE,2,2,False,True,False,2026-09-20T22:54:05.397386
ALERT_00177,CSE_009,ASSET_0074,TIER-2,RANSOMWARE,LOW,ENDPOINT_AGENT,ANL_006,OVERLOADED,INVESTIGATING,246,246,True,True,True,2026-09-20T15:57:05.397395
ALERT_00178,CSE_018,ASSET_0148,TIER-2,UNAUTHORIZED_ACCESS,MEDIUM,FIREWALL,ANL_014,NORMAL,OPEN,413,413,True,True,False,2026-09-23T06:12:05.397403
ALERT_00179,CSE_001,ASSET_0013,TIER-1,UNAUTHORIZED_ACCESS,MEDIUM,ENDPOINT_AGENT,ANL_021,VENDOR_DEPENDENT,RESOLVED,209,209,True,True,False,2026-09-23T19:09:05.397417
ALERT_00180,CSE_009,ASSET_0071,TIER-1,RANSOMWARE,MEDIUM,IDS,ANL_046,OVERLOADED,FALSE_POSITIVE,35,35,False,False,True,2026-09-23T15:10:05.397425
ALERT_00181,CSE_011,ASSET_0086,TIER-2,MALWARE,MEDIUM,SIEM,ANL_001,VENDOR_DEPENDENT,RESOLVED,418,418,True,True,False,2026-09-22T21:28:05.397434
ALERT_00182,CSE_003,ASSET_0020,TIER-2,PHISHING,MEDIUM,SIEM,ANL_008,OVERLOADED,RESOLVED,1,1,False,True,True,2026-09-21T07:59:05.397441
ALERT_00183,CSE_014,ASSET_0113,TIER-2,PHISHING,MEDIUM,THREAT_INTELLIGENCE,ANL_048,VENDOR_DEPENDENT,INVESTIGATING,231,231,True,True,False,2026-09-22T15:04:05.397450
ALERT_00184,CSE_012,ASSET_0091,TIER-3,MALWARE,LOW,IDS,ANL_029,NORMAL,INVESTIGATING,141,141,False,True,False,2026-09-21T06:36:05.397458
ALERT_00185,CSE_014,ASSET_0111,TIER-1,UNAUTHORIZED_ACCESS,LOW,SIEM,ANL_005,VENDOR_DEPENDENT,RESOLVED,9,9,False,True,True,2026-09-21T19:43:05.397466
ALERT_00186,CSE_005,ASSET_0042,TIER-0,UNAUTHORIZED_ACCESS,MEDIUM,FIREWALL,ANL_023,OVERLOADED,RESOLVED,246,246,True,False,True,2026-09-21T04:25:05.397476
ALERT_00187,CSE_015,ASSET_0129,TIER-1,DATA_EXFILTRATION,MEDIUM,THREAT_INTELLIGENCE,ANL_011,NORMAL,INVESTIGATING,372,372,True,True,True,2026-09-22T13:00:05.397484
ALERT_00188,CSE_011,ASSET_0085,TIER-3,PHISHING,HIGH,FIREWALL,ANL_016,VENDOR_DEPENDENT,INVESTIGATING,336,336,True,True,False,2026-09-21T08:28:05.397493
ALERT_00189,CSE_006,ASSET_0055,TIER-2,UNAUTHORIZED_ACCESS,LOW,FIREWALL,ANL_018,OVERLOADED,RESOLVED,470,470,True,False,False,2026-09-21T06:21:05.397502
ALERT_00190,CSE_014,ASSET_0109,TIER-2,RANSOMWARE,LOW,THREAT_INTELLIGENCE,ANL_036,VENDOR_DEPENDENT,INVESTIGATING,125,125,False,True,True,2026-09-23T19:48:05.397511
ALERT_00191,CSE_001,ASSET_0002,TIER-0,RANSOMWARE,LOW,IDS,ANL_047,VENDOR_DEPENDENT,RESOLVED,9,9,False,True,False,2026-09-21T11:11:05.397519
ALERT_00192,CSE_012,ASSET_0089,TIER-1,CONFIGURATION_CHANGE,MEDIUM,FIREWALL,ANL_033,NORMAL,OPEN,344,344,True,False,False,2026-09-22T03:34:05.397529
ALERT_00193,CSE_007,ASSET_0059,TIER-2,CONFIGURATION_CHANGE,LOW,IDS,ANL_010,NORMAL,RESOLVED,56,56,False,True,False,2026-09-23T02:41:05.397538
ALERT_00194,CSE_020,ASSET_0163,TIER-2,UNAUTHORIZED_ACCESS,CRITICAL,THREAT_INTELLIGENCE,ANL_027,MATURE,RESOLVED,352,352,True,True,True,2026-09-22T01:47:05.397547
ALERT_00195,CSE_011,ASSET_0086,TIER-2,MALWARE,HIGH,SIEM,ANL_037,VENDOR_DEPENDENT,FALSE_POSITIVE,393,393,True,True,True,2026-09-23T23:52:05.397555
ALERT_00196,CSE_018,ASSET_0151,TIER-2,UNAUTHORIZED_ACCESS,MEDIUM,IDS,ANL_028,NORMAL,FALSE_POSITIVE,539,539,True,False,True,2026-09-22T12:02:05.397563
ALERT_00197,CSE_005,ASSET_0039,TIER-3,DDoS,LOW,FIREWALL,ANL_019,OVERLOADED,RESOLVED,56,56,False,True,False,2026-09-21T19:20:05.397572
ALERT_00198,CSE_017,ASSET_0140,TIER-1,PHISHING,HIGH,ENDPOINT_AGENT,ANL_032,MATURE,RESOLVED,37,37,False,True,True,2026-09-23T00:21:05.397580
ALERT_00199,CSE_002,ASSET_0017,TIER-2,UNAUTHORIZED_ACCESS,LOW,SIEM,ANL_005,NORMAL,FALSE_POSITIVE,323,323,True,False,False,2026-09-23T11:18:05.397590
ALERT_00200,CSE_014,ASSET_0107,TIER-3,CONFIGURATION_CHANGE,LOW,IDS,ANL_024,VENDOR_DEPENDENT,RESOLVED,7,7,False,True,False,2026-09-22T23:39:05.397598
ALERT_00201,CSE_012,ASSET_0093,TIER-1,CONFIGURATION_CHANGE,MEDIUM,SIEM,ANL_049,NORMAL,FALSE_POSITIVE,9,9,False,False,True,2026-09-22T05:33:05.397607
ALERT_00202,CSE_014,ASSET_0110,TIER-3,PRIVILEGE_ESCALATION,HIGH,THREAT_INTELLIGENCE,ANL_047,VENDOR_DEPENDENT,RESOLVED,9,9,False,True,True,2026-09-21T14:30:05.397615
ALERT_00203,CSE_014,ASSET_0111,TIER-1,RANSOMWARE,MEDIUM,SIEM,ANL_035,VENDOR_DEPENDENT,FALSE_POSITIVE,253,253,True,False,True,2026-09-23T07:29:05.397623
ALERT_00204,CSE_001,ASSET_0006,TIER-1,RANSOMWARE,LOW,IDS,ANL_015,VENDOR_DEPENDENT,OPEN,544,544,True,True,False,2026-09-22T19:10:05.397631
ALERT_00205,CSE_003,ASSET_0028,TIER-1,DATA_EXFILTRATION,LOW,FIREWALL,ANL_014,OVERLOADED,OPEN,434,434,True,True,True,2026-09-23T13:37:05.397640
ALERT_00206,CSE_012,ASSET_0093,TIER-1,PHISHING,HIGH,ENDPOINT_AGENT,ANL_034,NORMAL,RESOLVED,74,74,True,True,True,2026-09-21T10:36:05.397648
ALERT_00207,CSE_010,ASSET_0079,TIER-2,RANSOMWARE,MEDIUM,SIEM,ANL_001,MATURE,INVESTIGATING,215,215,True,True,True,2026-09-22T20:13:05.397656
ALERT_00208,CSE_018,ASSET_0152,TIER-2,CONFIGURATION_CHANGE,HIGH,FIREWALL,ANL_045,NORMAL,RESOLVED,5,5,False,False,True,2026-09-22T20:28:05.397665
ALERT_00209,CSE_007,ASSET_0061,TIER-0,DDoS,MEDIUM,SIEM,ANL_021,NORMAL,FALSE_POSITIVE,9,9,False,True,False,2026-09-20T15:45:05.397675
ALERT_00210,CSE_012,ASSET_0090,TIER-0,RANSOMWARE,CRITICAL,THREAT_INTELLIGENCE,ANL_023,NORMAL,RESOLVED,78,78,True,False,False,2026-09-21T22:29:05.397683
ALERT_00211,CSE_018,ASSET_0152,TIER-2,PRIVILEGE_ESCALATION,CRITICAL,THREAT_INTELLIGENCE,ANL_035,NORMAL,OPEN,80,80,True,False,True,2026-09-21T04:21:05.397691
ALERT_00212,CSE_005,ASSET_0039,TIER-3,DDoS,MEDIUM,SIEM,ANL_019,OVERLOADED,INVESTIGATING,95,95,False,True,False,2026-09-21T03:34:05.397700
ALERT_00213,CSE_017,ASSET_0140,TIER-1,RANSOMWARE,MEDIUM,ENDPOINT_AGENT,ANL_012,MATURE,FALSE_POSITIVE,8,8,False,True,True,2026-09-23T19:17:05.397708
ALERT_00214,CSE_002,ASSET_0018,TIER-3,UNAUTHORIZED_ACCESS,LOW,IDS,ANL_008,NORMAL,FALSE_POSITIVE,45,45,False,True,True,2026-09-23T03:24:05.397716
ALERT_00215,CSE_018,ASSET_0148,TIER-2,MALWARE,LOW,IDS,ANL_034,NORMAL,RESOLVED,1,1,False,True,True,2026-09-22T14:56:05.397725
ALERT_00216,CSE_011,ASSET_0081,TIER-1,CONFIGURATION_CHANGE,LOW,SIEM,ANL_006,VENDOR_DEPENDENT,RESOLVED,53,53,False,False,True,2026-09-20T15:58:05.397733
ALERT_00217,CSE_004,ASSET_0033,TIER-1,PHISHING,HIGH,SIEM,ANL_006,VENDOR_DEPENDENT,RESOLVED,567,567,True,True,False,2026-09-23T22:25:05.397741
ALERT_00218,CSE_015,ASSET_0126,TIER-1,RANSOMWARE,MEDIUM,SIEM,ANL_041,NORMAL,INVESTIGATING,373,373,True,False,True,2026-09-21T05:54:05.397751
ALERT_00219,CSE_004,ASSET_0034,TIER-3,DATA_EXFILTRATION,MEDIUM,FIREWALL,ANL_004,VENDOR_DEPENDENT,RESOLVED,230,230,True,True,False,2026-09-22T16:35:05.397761
ALERT_00220,CSE_020,ASSET_0159,TIER-1,PHISHING,HIGH,IDS,ANL_047,MATURE,INVESTIGATING,441,441,True,True,True,2026-09-21T16:23:05.397769
ALERT_00221,CSE_009,ASSET_0074,TIER-2,RANSOMWARE,HIGH,SIEM,ANL_024,OVERLOADED,FALSE_POSITIVE,450,450,True,False,True,2026-09-22T10:35:05.397777
ALERT_00222,CSE_011,ASSET_0087,TIER-2,PRIVILEGE_ESCALATION,MEDIUM,IDS,ANL_017,VENDOR_DEPENDENT,INVESTIGATING,3,3,False,False,True,2026-09-22T04:50:05.397785
ALERT_00223,CSE_011,ASSET_0085,TIER-3,MALWARE,MEDIUM,FIREWALL,ANL_037,VENDOR_DEPENDENT,INVESTIGATING,212,212,True,False,False,2026-09-23T22:33:05.397794
ALERT_00224,CSE_011,ASSET_0082,TIER-0,DATA_EXFILTRATION,LOW,ENDPOINT_AGENT,ANL_019,VENDOR_DEPENDENT,OPEN,316,316,True,True,False,2026-09-23T05:21:05.397803
ALERT_00225,CSE_014,ASSET_0111,TIER-1,PRIVILEGE_ESCALATION,HIGH,THREAT_INTELLIGENCE,ANL_003,VENDOR_DEPENDENT,RESOLVED,223,223,True,True,False,2026-09-20T19:41:05.397811
ALERT_00226,CSE_019,ASSET_0154,TIER-0,DDoS,HIGH,SIEM,ANL_001,VENDOR_DEPENDENT,INVESTIGATING,526,526,True,True,True,2026-09-22T17:05:05.397821
ALERT_00227,CSE_002,ASSET_0019,TIER-2,CONFIGURATION_CHANGE,HIGH,IDS,ANL_021,NORMAL,INVESTIGATING,7,7,False,True,True,2026-09-21T01:29:05.397829
ALERT_00228,CSE_016,ASSET_0137,TIER-3,MALWARE,MEDIUM,FIREWALL,ANL_026,OVERLOADED,OPEN,293,293,True,True,True,2026-09-23T07:56:05.397837
ALERT_00229,CSE_010,ASSET_0079,TIER-2,UNAUTHORIZED_ACCESS,LOW,SIEM,ANL_046,MATURE,INVESTIGATING,582,582,True,True,False,2026-09-21T15:24:05.397847
ALERT_00230,CSE_010,ASSET_0076,TIER-2,RANSOMWARE,MEDIUM,FIREWALL,ANL_006,MATURE,OPEN,503,503,True,True,True,2026-09-22T07:46:05.397855
ALERT_00231,CSE_005,ASSET_0041,TIER-3,UNAUTHORIZED_ACCESS,LOW,THREAT_INTELLIGENCE,ANL_046,OVERLOADED,INVESTIGATING,186,186,False,False,False,2026-09-21T21:33:05.397864
ALERT_00232,CSE_008,ASSET_0064,TIER-3,MALWARE,LOW,IDS,ANL_046,NORMAL,INVESTIGATING,547,547,True,True,True,2026-09-22T17:40:05.397872
ALERT_00233,CSE_014,ASSET_0110,TIER-3,DDoS,MEDIUM,ENDPOINT_AGENT,ANL_032,VENDOR_DEPENDENT,FALSE_POSITIVE,2,2,False,True,True,2026-09-21T14:06:05.397880
ALERT_00234,CSE_019,ASSET_0156,TIER-0,UNAUTHORIZED_ACCESS,HIGH,SIEM,ANL_045,VENDOR_DEPENDENT,INVESTIGATING,120,120,True,False,True,2026-09-21T06:38:05.397889
ALERT_00235,CSE_020,ASSET_0158,TIER-3,RANSOMWARE,LOW,IDS,ANL_016,MATURE,OPEN,592,592,True,True,False,2026-09-23T11:14:05.397897
ALERT_00236,CSE_017,ASSET_0142,TIER-1,UNAUTHORIZED_ACCESS,CRITICAL,ENDPOINT_AGENT,ANL_029,MATURE,RESOLVED,75,75,True,False,True,2026-09-23T16:26:05.397905
ALERT_00237,CSE_009,ASSET_0074,TIER-2,RANSOMWARE,LOW,IDS,ANL_028,OVERLOADED,OPEN,97,97,False,False,True,2026-09-21T19:25:05.397913
ALERT_00238,CSE_015,ASSET_0128,TIER-3,CONFIGURATION_CHANGE,LOW,SIEM,ANL_034,NORMAL,INVESTIGATING,449,449,True,True,True,2026-09-23T16:26:05.397922
ALERT_00239,CSE_002,ASSET_0015,TIER-2,CONFIGURATION_CHANGE,MEDIUM,SIEM,ANL_030,NORMAL,RESOLVED,89,89,False,False,True,2026-09-22T08:15:05.397932
ALERT_00240,CSE_010,ASSET_0077,TIER-2,PHISHING,HIGH,ENDPOINT_AGENT,ANL_037,MATURE,RESOLVED,200,200,True,True,True,2026-09-23T02:36:05.397940
ALERT_00241,CSE_017,ASSET_0144,TIER-1,DDoS,CRITICAL,SIEM,ANL_038,MATURE,INVESTIGATING,599,599,True,True,True,2026-09-23T00:02:05.397948
ALERT_00242,CSE_008,ASSET_0068,TIER-3,PHISHING,MEDIUM,IDS,ANL_031,NORMAL,OPEN,413,413,True,True,False,2026-09-21T15:44:05.397956
ALERT_00243,CSE_014,ASSET_0113,TIER-2,DATA_EXFILTRATION,MEDIUM,ENDPOINT_AGENT,ANL_009,VENDOR_DEPENDENT,OPEN,503,503,True,True,False,2026-09-22T21:45:05.397966
ALERT_00244,CSE_001,ASSET_0007,TIER-0,CONFIGURATION_CHANGE,MEDIUM,FIREWALL,ANL_049,VENDOR_DEPENDENT,INVESTIGATING,300,300,True,True,False,2026-09-21T00:01:05.397974
ALERT_00245,CSE_001,ASSET_0013,TIER-1,PHISHING,MEDIUM,SIEM,ANL_043,VENDOR_DEPENDENT,OPEN,559,559,True,True,False,2026-09-21T07:15:05.397983
ALERT_00246,CSE_006,ASSET_0054,TIER-3,PRIVILEGE_ESCALATION,MEDIUM,THREAT_INTELLIGENCE,ANL_050,OVERLOADED,FALSE_POSITIVE,160,160,True,True,False,2026-09-21T18:40:05.397991
ALERT_00247,CSE_005,ASSET_0047,TIER-3,MALWARE,HIGH,THREAT_INTELLIGENCE,ANL_011,OVERLOADED,OPEN,294,294,True,True,True,2026-09-20T17:48:05.397999
ALERT_00248,CSE_014,ASSET_0111,TIER-1,MALWARE,LOW,SIEM,ANL_018,VENDOR_DEPENDENT,RESOLVED,588,588,True,True,False,2026-09-22T14:19:05.398008
ALERT_00249,CSE_010,ASSET_0078,TIER-3,CONFIGURATION_CHANGE,LOW,FIREWALL,ANL_009,MATURE,OPEN,469,469,True,False,True,2026-09-20T16:51:05.398186
ALERT_00250,CSE_003,ASSET_0024,TIER-1,DDoS,LOW,SIEM,ANL_009,OVERLOADED,FALSE_POSITIVE,175,175,False,False,False,2026-09-22T12:45:05.398202
ALERT_00251,CSE_015,ASSET_0121,TIER-0,DDoS,MEDIUM,IDS,ANL_021,NORMAL,OPEN,503,503,True,False,True,2026-09-23T14:03:05.398213
ALERT_00252,CSE_012,ASSET_0095,TIER-2,RANSOMWARE,LOW,ENDPOINT_AGENT,ANL_035,NORMAL,RESOLVED,94,94,False,False,True,2026-09-21T11:38:05.398222
ALERT_00253,CSE_001,ASSET_0001,TIER-2,DDoS,MEDIUM,ENDPOINT_AGENT,ANL_026,VENDOR_DEPENDENT,INVESTIGATING,328,328,True,True,False,2026-09-20T20:17:05.398231
ALERT_00254,CSE_015,ASSET_0119,TIER-2,PHISHING,MEDIUM,SIEM,ANL_020,NORMAL,FALSE_POSITIVE,165,165,True,False,True,2026-09-23T10:19:05.398240
ALERT_00255,CSE_014,ASSET_0113,TIER-2,PHISHING,LOW,FIREWALL,ANL_004,VENDOR_DEPENDENT,INVESTIGATING,538,538,True,False,False,2026-09-22T00:47:05.398248
ALERT_00256,CSE_014,ASSET_0118,TIER-2,DATA_EXFILTRATION,LOW,IDS,ANL_038,VENDOR_DEPENDENT,INVESTIGATING,5,5,False,False,False,2026-09-21T06:02:05.398257
ALERT_00257,CSE_010,ASSET_0077,TIER-2,DATA_EXFILTRATION,LOW,IDS,ANL_023,MATURE,RESOLVED,320,320,True,True,False,2026-09-23T10:18:05.398266
ALERT_00258,CSE_003,ASSET_0028,TIER-1,PRIVILEGE_ESCALATION,MEDIUM,SIEM,ANL_045,OVERLOADED,INVESTIGATING,259,259,True,True,True,2026-09-22T00:19:05.398275
ALERT_00259,CSE_013,ASSET_0105,TIER-1,MALWARE,MEDIUM,THREAT_INTELLIGENCE,ANL_006,MATURE,FALSE_POSITIVE,423,423,True,True,True,2026-09-22T08:38:05.398286
ALERT_00260,CSE_014,ASSET_0109,TIER-2,DATA_EXFILTRATION,MEDIUM,IDS,ANL_028,VENDOR_DEPENDENT,FALSE_POSITIVE,453,453,True,True,False,2026-09-22T20:49:05.398295
ALERT_00261,CSE_014,ASSET_0118,TIER-2,DDoS,LOW,FIREWALL,ANL_014,VENDOR_DEPENDENT,OPEN,5,5,False,True,False,2026-09-23T10:50:05.398303
ALERT_00262,CSE_005,ASSET_0050,TIER-1,PHISHING,MEDIUM,IDS,ANL_007,OVERLOADED,INVESTIGATING,233,233,True,True,True,2026-09-23T19:08:05.398312
ALERT_00263,CSE_014,ASSET_0109,TIER-2,RANSOMWARE,LOW,ENDPOINT_AGENT,ANL_003,VENDOR_DEPENDENT,INVESTIGATING,10,10,False,True,False,2026-09-23T09:44:05.398321
ALERT_00264,CSE_018,ASSET_0149,TIER-3,PRIVILEGE_ESCALATION,LOW,ENDPOINT_AGENT,ANL_013,NORMAL,INVESTIGATING,391,391,True,False,True,2026-09-21T21:24:05.398329
ALERT_00265,CSE_005,ASSET_0045,TIER-2,CONFIGURATION_CHANGE,MEDIUM,ENDPOINT_AGENT,ANL_020,OVERLOADED,OPEN,234,234,True,False,True,2026-09-20T13:14:05.398337
ALERT_00266,CSE_004,ASSET_0034,TIER-3,PRIVILEGE_ESCALATION,LOW,IDS,ANL_021,VENDOR_DEPENDENT,INVESTIGATING,433,433,True,True,False,2026-09-23T16:46:05.398346
ALERT_00267,CSE_019,ASSET_0156,TIER-0,MALWARE,HIGH,ENDPOINT_AGENT,ANL_007,VENDOR_DEPENDENT,OPEN,8,8,False,False,False,2026-09-20T13:47:05.398354
ALERT_00268,CSE_007,ASSET_0061,TIER-0,CONFIGURATION_CHANGE,LOW,IDS,ANL_032,NORMAL,RESOLVED,9,9,False,True,False,2026-09-21T22:37:05.398363
ALERT_00269,CSE_013,ASSET_0102,TIER-1,UNAUTHORIZED_ACCESS,LOW,IDS,ANL_021,MATURE,INVESTIGATING,435,435,True,True,False,2026-09-20T14:26:05.398372
ALERT_00270,CSE_020,ASSET_0162,TIER-2,DDoS,MEDIUM,SIEM,ANL_040,MATURE,RESOLVED,479,479,True,True,False,2026-09-23T02:00:05.398382
ALERT_00271,CSE_011,ASSET_0086,TIER-2,PHISHING,MEDIUM,SIEM,ANL_037,VENDOR_DEPENDENT,INVESTIGATING,5,5,False,True,True,2026-09-23T00:44:05.398390
ALERT_00272,CSE_004,ASSET_0036,TIER-0,MALWARE,HIGH,IDS,ANL_019,VENDOR_DEPENDENT,FALSE_POSITIVE,193,193,True,True,False,2026-09-21T17:47:05.398399
ALERT_00273,CSE_015,ASSET_0133,TIER-2,MALWARE,LOW,IDS,ANL_042,NORMAL,INVESTIGATING,314,314,True,True,True,2026-09-20T21:55:05.398407
ALERT_00274,CSE_005,ASSET_0042,TIER-0,UNAUTHORIZED_ACCESS,MEDIUM,SIEM,ANL_035,OVERLOADED,RESOLVED,231,231,True,True,False,2026-09-23T08:03:05.398415
ALERT_00275,CSE_015,ASSET_0120,TIER-3,MALWARE,LOW,SIEM,ANL_029,NORMAL,FALSE_POSITIVE,1,1,False,True,True,2026-09-23T10:56:05.398423
ALERT_00276,CSE_016,ASSET_0135,TIER-2,DDoS,MEDIUM,SIEM,ANL_006,OVERLOADED,INVESTIGATING,103,103,False,False,False,2026-09-21T17:30:05.398431
ALERT_00277,CSE_008,ASSET_0065,TIER-1,MALWARE,MEDIUM,THREAT_INTELLIGENCE,ANL_035,NORMAL,RESOLVED,75,75,False,False,True,2026-09-22T04:28:05.398440
ALERT_00278,CSE_003,ASSET_0023,TIER-1,CONFIGURATION_CHANGE,LOW,IDS,ANL_020,OVERLOADED,INVESTIGATING,510,510,True,False,False,2026-09-20T20:50:05.398448
ALERT_00279,CSE_020,ASSET_0160,TIER-1,UNAUTHORIZED_ACCESS,HIGH,ENDPOINT_AGENT,ANL_041,MATURE,FALSE_POSITIVE,164,164,True,True,True,2026-09-20T16:46:05.398459
ALERT_00280,CSE_001,ASSET_0003,TIER-1,DDoS,CRITICAL,THREAT_INTELLIGENCE,ANL_013,VENDOR_DEPENDENT,RESOLVED,7,7,False,False,False,2026-09-21T22:03:05.398467
ALERT_00281,CSE_010,ASSET_0077,TIER-2,MALWARE,MEDIUM,THREAT_INTELLIGENCE,ANL_032,MATURE,FALSE_POSITIVE,215,215,True,False,True,2026-09-21T14:48:05.398475
ALERT_00282,CSE_003,ASSET_0023,TIER-1,DDoS,CRITICAL,FIREWALL,ANL_012,OVERLOADED,RESOLVED,520,520,True,False,False,2026-09-21T07:25:05.398485
ALERT_00283,CSE_014,ASSET_0106,TIER-2,PHISHING,MEDIUM,SIEM,ANL_010,VENDOR_DEPENDENT,INVESTIGATING,428,428,True,True,False,2026-09-23T03:00:05.398507
ALERT_00284,CSE_019,ASSET_0155,TIER-0,DDoS,MEDIUM,IDS,ANL_022,VENDOR_DEPENDENT,RESOLVED,9,9,False,True,True,2026-09-22T11:34:05.398516
ALERT_00285,CSE_005,ASSET_0040,TIER-2,DATA_EXFILTRATION,LOW,ENDPOINT_AGENT,ANL_014,OVERLOADED,INVESTIGATING,520,520,True,True,True,2026-09-23T11:51:05.398524
ALERT_00286,CSE_014,ASSET_0110,TIER-3,CONFIGURATION_CHANGE,CRITICAL,SIEM,ANL_007,VENDOR_DEPENDENT,INVESTIGATING,321,321,True,True,False,2026-09-22T09:22:05.398532
ALERT_00287,CSE_016,ASSET_0138,TIER-2,RANSOMWARE,LOW,ENDPOINT_AGENT,ANL_021,OVERLOADED,OPEN,4,4,False,True,False,2026-09-23T15:25:05.398541
ALERT_00288,CSE_016,ASSET_0138,TIER-2,CONFIGURATION_CHANGE,LOW,SIEM,ANL_005,OVERLOADED,INVESTIGATING,529,529,True,True,True,2026-09-22T13:46:05.398549
ALERT_00289,CSE_019,ASSET_0157,TIER-2,RANSOMWARE,LOW,FIREWALL,ANL_044,VENDOR_DEPENDENT,FALSE_POSITIVE,2,2,False,True,False,2026-09-22T22:29:05.398559
ALERT_00290,CSE_006,ASSET_0054,TIER-3,CONFIGURATION_CHANGE,HIGH,IDS,ANL_048,OVERLOADED,RESOLVED,166,166,True,False,False,2026-09-22T00:17:05.398568
ALERT_00291,CSE_018,ASSET_0151,TIER-2,UNAUTHORIZED_ACCESS,LOW,FIREWALL,ANL_021,NORMAL,INVESTIGATING,238,238,False,True,True,2026-09-21T01:41:05.398576
ALERT_00292,CSE_012,ASSET_0094,TIER-1,RANSOMWARE,MEDIUM,THREAT_INTELLIGENCE,ANL_049,NORMAL,OPEN,504,504,True,True,False,2026-09-23T03:22:05.398584
ALERT_00293,CSE_018,ASSET_0147,TIER-2,UNAUTHORIZED_ACCESS,LOW,IDS,ANL_036,NORMAL,INVESTIGATING,569,569,True,False,False,2026-09-22T06:09:05.398593
ALERT_00294,CSE_018,ASSET_0150,TIER-0,RANSOMWARE,LOW,FIREWALL,ANL_001,NORMAL,RESOLVED,158,158,False,True,True,2026-09-21T19:28:05.398603
ALERT_00295,CSE_012,ASSET_0098,TIER-2,DATA_EXFILTRATION,HIGH,IDS,ANL_043,NORMAL,INVESTIGATING,567,567,True,False,True,2026-09-21T18:23:05.398611
ALERT_00296,CSE_015,ASSET_0131,TIER-2,UNAUTHORIZED_ACCESS,LOW,THREAT_INTELLIGENCE,ANL_022,NORMAL,RESOLVED,537,537,True,True,True,2026-09-23T20:44:05.398619
ALERT_00297,CSE_005,ASSET_0049,TIER-1,PHISHING,HIGH,IDS,ANL_015,OVERLOADED,OPEN,3,3,False,True,False,2026-09-21T04:23:05.398628
ALERT_00298,CSE_016,ASSET_0136,TIER-1,CONFIGURATION_CHANGE,LOW,FIREWALL,ANL_031,OVERLOADED,FALSE_POSITIVE,482,482,True,True,False,2026-09-20T17:55:05.398636
ALERT_00299,CSE_014,ASSET_0114,TIER-2,DDoS,CRITICAL,THREAT_INTELLIGENCE,ANL_004,VENDOR_DEPENDENT,OPEN,476,476,True,True,False,2026-09-24T00:07:05.398646
ALERT_00300,CSE_011,ASSET_0082,TIER-0,DATA_EXFILTRATION,MEDIUM,ENDPOINT_AGENT,ANL_009,VENDOR_DEPENDENT,INVESTIGATING,142,142,True,True,False,2026-09-23T00:00:05.398655
ALERT_00301,CSE_011,ASSET_0082,TIER-0,CONFIGURATION_CHANGE,LOW,ENDPOINT_AGENT,ANL_012,VENDOR_DEPENDENT,OPEN,280,280,True,True,True,2026-09-21T05:42:05.398663
ALERT_00302,CSE_011,ASSET_0082,TIER-0,DATA_EXFILTRATION,LOW,THREAT_INTELLIGENCE,ANL_031,VENDOR_DEPENDENT,RESOLVED,454,454,True,False,False,2026-09-22T12:38:05.398671
ALERT_00303,CSE_006,ASSET_0052,TIER-2,CONFIGURATION_CHANGE,LOW,SIEM,ANL_015,OVERLOADED,INVESTIGATING,31,31,False,True,True,2026-09-23T13:17:05.398679
ALERT_00304,CSE_009,ASSET_0073,TIER-2,DDoS,MEDIUM,FIREWALL,ANL_032,OVERLOADED,RESOLVED,190,190,True,True,True,2026-09-21T21:36:05.398687
ALERT_00305,CSE_001,ASSET_0005,TIER-1,DATA_EXFILTRATION,MEDIUM,THREAT_INTELLIGENCE,ANL_049,VENDOR_DEPENDENT,RESOLVED,8,8,False,False,False,2026-09-22T05:33:05.398695
ALERT_00306,CSE_005,ASSET_0040,TIER-2,UNAUTHORIZED_ACCESS,CRITICAL,SIEM,ANL_026,OVERLOADED,RESOLVED,300,300,True,True,False,2026-09-21T12:15:05.398704
ALERT_00307,CSE_011,ASSET_0087,TIER-2,PHISHING,MEDIUM,SIEM,ANL_004,VENDOR_DEPENDENT,INVESTIGATING,137,137,True,True,False,2026-09-23T13:09:05.398712
ALERT_00308,CSE_001,ASSET_0006,TIER-1,PHISHING,LOW,ENDPOINT_AGENT,ANL_025,VENDOR_DEPENDENT,INVESTIGATING,162,162,False,True,True,2026-09-20T23:54:05.398720
ALERT_00309,CSE_020,ASSET_0161,TIER-2,DATA_EXFILTRATION,HIGH,SIEM,ANL_015,MATURE,RESOLVED,575,575,True,True,True,2026-09-23T21:44:05.398730
ALERT_00310,CSE_005,ASSET_0047,TIER-3,DATA_EXFILTRATION,CRITICAL,SIEM,ANL_030,OVERLOADED,INVESTIGATING,572,572,True,False,True,2026-09-22T18:57:05.398739
ALERT_00311,CSE_008,ASSET_0066,TIER-1,PRIVILEGE_ESCALATION,HIGH,IDS,ANL_035,NORMAL,RESOLVED,509,509,True,False,True,2026-09-21T13:40:05.398747
ALERT_00312,CSE_019,ASSET_0153,TIER-0,CONFIGURATION_CHANGE,LOW,SIEM,ANL_016,VENDOR_DEPENDENT,RESOLVED,194,194,False,True,False,2026-09-21T19:00:05.398755
ALERT_00313,CSE_015,ASSET_0119,TIER-2,DATA_EXFILTRATION,MEDIUM,SIEM,ANL_031,NORMAL,RESOLVED,1,1,False,False,True,2026-09-21T04:13:05.398764
ALERT_00314,CSE_016,ASSET_0135,TIER-2,CONFIGURATION_CHANGE,MEDIUM,ENDPOINT_AGENT,ANL_021,OVERLOADED,OPEN,171,171,True,True,False,2026-09-22T06:36:05.398773
ALERT_00315,CSE_012,ASSET_0094,TIER-1,DDoS,MEDIUM,THREAT_INTELLIGENCE,ANL_044,NORMAL,INVESTIGATING,198,198,True,False,True,2026-09-21T08:09:05.398782
ALERT_00316,CSE_006,ASSET_0055,TIER-2,PHISHING,HIGH,SIEM,ANL_037,OVERLOADED,OPEN,233,233,True,False,False,2026-09-22T15:17:05.398790
ALERT_00317,CSE_005,ASSET_0043,TIER-2,DATA_EXFILTRATION,LOW,ENDPOINT_AGENT,ANL_035,OVERLOADED,RESOLVED,226,226,False,True,True,2026-09-22T08:49:05.398798
ALERT_00318,CSE_011,ASSET_0087,TIER-2,PRIVILEGE_ESCALATION,HIGH,SIEM,ANL_017,VENDOR_DEPENDENT,OPEN,428,428,True,True,True,2026-09-22T10:08:05.398807
ALERT_00319,CSE_005,ASSET_0050,TIER-1,PRIVILEGE_ESCALATION,LOW,ENDPOINT_AGENT,ANL_013,OVERLOADED,RESOLVED,375,375,True,False,False,2026-09-20T21:25:05.398817
ALERT_00320,CSE_014,ASSET_0110,TIER-3,CONFIGURATION_CHANGE,LOW,FIREWALL,ANL_049,VENDOR_DEPENDENT,INVESTIGATING,2,2,False,True,True,2026-09-22T08:06:05.398825
ALERT_00321,CSE_005,ASSET_0037,TIER-1,UNAUTHORIZED_ACCESS,MEDIUM,THREAT_INTELLIGENCE,ANL_046,OVERLOADED,RESOLVED,581,581,True,False,False,2026-09-21T21:09:05.398834
ALERT_00322,CSE_011,ASSET_0081,TIER-1,PRIVILEGE_ESCALATION,LOW,SIEM,ANL_003,VENDOR_DEPENDENT,INVESTIGATING,1,1,False,True,False,2026-09-22T20:46:05.398842
ALERT_00323,CSE_003,ASSET_0024,TIER-1,PHISHING,LOW,IDS,ANL_012,OVERLOADED,OPEN,140,140,False,True,False,2026-09-21T14:03:05.398850
ALERT_00324,CSE_003,ASSET_0026,TIER-3,DATA_EXFILTRATION,LOW,THREAT_INTELLIGENCE,ANL_021,OVERLOADED,OPEN,257,257,True,False,True,2026-09-23T18:01:05.398858
ALERT_00325,CSE_016,ASSET_0135,TIER-2,RANSOMWARE,LOW,IDS,ANL_017,OVERLOADED,INVESTIGATING,98,98,False,True,False,2026-09-22T14:46:05.398866
ALERT_00326,CSE_006,ASSET_0053,TIER-2,DDoS,HIGH,FIREWALL,ANL_034,OVERLOADED,FALSE_POSITIVE,399,399,True,False,False,2026-09-21T06:52:05.398874
ALERT_00327,CSE_005,ASSET_0045,TIER-2,CONFIGURATION_CHANGE,HIGH,IDS,ANL_019,OVERLOADED,INVESTIGATING,585,585,True,False,False,2026-09-21T10:06:05.398883
ALERT_00328,CSE_006,ASSET_0052,TIER-2,DDoS,MEDIUM,FIREWALL,ANL_044,OVERLOADED,RESOLVED,5,5,False,True,True,2026-09-22T22:24:05.398899
ALERT_00329,CSE_005,ASSET_0047,TIER-3,UNAUTHORIZED_ACCESS,MEDIUM,THREAT_INTELLIGENCE,ANL_038,OVERLOADED,INVESTIGATING,110,110,False,True,False,2026-09-22T23:43:05.398917
ALERT_00330,CSE_020,ASSET_0159,TIER-1,CONFIGURATION_CHANGE,LOW,IDS,ANL_025,MATURE,FALSE_POSITIVE,552,552,True,True,True,2026-09-20T23:51:05.398931
ALERT_00331,CSE_014,ASSET_0112,TIER-3,UNAUTHORIZED_ACCESS,MEDIUM,FIREWALL,ANL_015,VENDOR_DEPENDENT,INVESTIGATING,227,227,True,True,False,2026-09-23T02:44:05.398944
ALERT_00332,CSE_008,ASSET_0067,TIER-2,PRIVILEGE_ESCALATION,MEDIUM,THREAT_INTELLIGENCE,ANL_020,NORMAL,INVESTIGATING,375,375,True,True,False,2026-09-21T14:16:05.398957
ALERT_00333,CSE_010,ASSET_0077,TIER-2,RANSOMWARE,LOW,THREAT_INTELLIGENCE,ANL_046,MATURE,FALSE_POSITIVE,243,243,True,False,False,2026-09-23T13:12:05.398970
ALERT_00334,CSE_011,ASSET_0084,TIER-2,DDoS,MEDIUM,ENDPOINT_AGENT,ANL_030,VENDOR_DEPENDENT,INVESTIGATING,7,7,False,False,False,2026-09-21T17:16:05.398984
ALERT_00335,CSE_003,ASSET_0029,TIER-2,RANSOMWARE,HIGH,SIEM,ANL_028,OVERLOADED,FALSE_POSITIVE,182,182,True,False,False,2026-09-21T10:32:05.399000
ALERT_00336,CSE_020,ASSET_0162,TIER-2,PRIVILEGE_ESCALATION,LOW,SIEM,ANL_029,MATURE,INVESTIGATING,370,370,True,True,True,2026-09-22T04:05:05.399010
ALERT_00337,CSE_006,ASSET_0053,TIER-2,CONFIGURATION_CHANGE,CRITICAL,FIREWALL,ANL_026,OVERLOADED,RESOLVED,327,327,True,False,True,2026-09-23T14:32:05.399019
ALERT_00338,CSE_009,ASSET_0072,TIER-1,DDoS,MEDIUM,SIEM,ANL_020,OVERLOADED,RESOLVED,88,88,False,True,False,2026-09-22T22:25:05.399027
ALERT_00339,CSE_015,ASSET_0125,TIER-1,DDoS,HIGH,THREAT_INTELLIGENCE,ANL_013,NORMAL,INVESTIGATING,136,136,True,False,False,2026-09-23T03:16:05.399039
ALERT_00340,CSE_004,ASSET_0033,TIER-1,DDoS,LOW,SIEM,ANL_043,VENDOR_DEPENDENT,FALSE_POSITIVE,229,229,False,False,False,2026-09-22T18:44:05.399047
ALERT_00341,CSE_007,ASSET_0058,TIER-0,DDoS,LOW,FIREWALL,ANL_009,NORMAL,OPEN,477,477,True,False,True,2026-09-22T01:09:05.399055
ALERT_00342,CSE_016,ASSET_0139,TIER-0,DATA_EXFILTRATION,MEDIUM,FIREWALL,ANL_031,OVERLOADED,RESOLVED,304,304,True,False,False,2026-09-21T17:25:05.399064
ALERT_00343,CSE_003,ASSET_0022,TIER-2,DATA_EXFILTRATION,HIGH,THREAT_INTELLIGENCE,ANL_021,OVERLOADED,FALSE_POSITIVE,124,124,True,False,True,2026-09-20T23:45:05.399072
ALERT_00344,CSE_011,ASSET_0081,TIER-1,RANSOMWARE,LOW,FIREWALL,ANL_044,VENDOR_DEPENDENT,RESOLVED,377,377,True,True,True,2026-09-22T00:04:05.399080
ALERT_00345,CSE_011,ASSET_0082,TIER-0,DATA_EXFILTRATION,MEDIUM,SIEM,ANL_038,VENDOR_DEPENDENT,RESOLVED,9,9,False,True,False,2026-09-21T13:25:05.399089
ALERT_00346,CSE_002,ASSET_0016,TIER-3,UNAUTHORIZED_ACCESS,LOW,SIEM,ANL_028,NORMAL,FALSE_POSITIVE,259,259,True,True,False,2026-09-22T04:08:05.399100
ALERT_00347,CSE_016,ASSET_0139,TIER-0,RANSOMWARE,MEDIUM,FIREWALL,ANL_038,OVERLOADED,INVESTIGATING,310,310,True,True,True,2026-09-21T12:58:05.399110
ALERT_00348,CSE_014,ASSET_0108,TIER-3,DDoS,LOW,SIEM,ANL_021,VENDOR_DEPENDENT,OPEN,6,6,False,True,True,2026-09-22T06:20:05.399119
ALERT_00349,CSE_001,ASSET_0013,TIER-1,PHISHING,MEDIUM,ENDPOINT_AGENT,ANL_049,VENDOR_DEPENDENT,OPEN,5,5,False,False,True,2026-09-20T20:50:05.399129
ALERT_00350,CSE_003,ASSET_0022,TIER-2,CONFIGURATION_CHANGE,CRITICAL,SIEM,ANL_020,OVERLOADED,RESOLVED,160,160,True,True,True,2026-09-21T19:38:05.399138
ALERT_00351,CSE_008,ASSET_0067,TIER-2,UNAUTHORIZED_ACCESS,MEDIUM,ENDPOINT_AGENT,ANL_047,NORMAL,INVESTIGATING,515,515,True,False,True,2026-09-21T04:24:05.399146
ALERT_00352,CSE_008,ASSET_0064,TIER-3,PRIVILEGE_ESCALATION,LOW,FIREWALL,ANL_036,NORMAL,OPEN,513,513,True,False,False,2026-09-22T07:46:05.399154
ALERT_00353,CSE_005,ASSET_0041,TIER-3,MALWARE,HIGH,FIREWALL,ANL_029,OVERLOADED,OPEN,539,539,True,False,False,2026-09-23T16:34:05.399162
ALERT_00354,CSE_005,ASSET_0045,TIER-2,RANSOMWARE,HIGH,THREAT_INTELLIGENCE,ANL_045,OVERLOADED,FALSE_POSITIVE,354,354,True,False,False,2026-09-21T15:01:05.399172
ALERT_00355,CSE_005,ASSET_0047,TIER-3,PRIVILEGE_ESCALATION,HIGH,IDS,ANL_032,OVERLOADED,OPEN,480,480,True,False,True,2026-09-21T15:08:05.399180
ALERT_00356,CSE_002,ASSET_0016,TIER-3,PRIVILEGE_ESCALATION,LOW,ENDPOINT_AGENT,ANL_039,NORMAL,RESOLVED,189,189,False,True,True,2026-09-23T00:45:05.399189
ALERT_00357,CSE_012,ASSET_0095,TIER-2,CONFIGURATION_CHANGE,LOW,THREAT_INTELLIGENCE,ANL_032,NORMAL,INVESTIGATING,533,533,True,True,True,2026-09-22T14:38:05.399198
ALERT_00358,CSE_007,ASSET_0059,TIER-2,PHISHING,HIGH,FIREWALL,ANL_012,NORMAL,RESOLVED,4,4,False,False,False,2026-09-23T11:11:05.399206
ALERT_00359,CSE_010,ASSET_0078,TIER-3,UNAUTHORIZED_ACCESS,MEDIUM,ENDPOINT_AGENT,ANL_030,MATURE,RESOLVED,444,444,True,True,True,2026-09-21T15:08:05.399216
ALERT_00360,CSE_002,ASSET_0019,TIER-2,DATA_EXFILTRATION,LOW,SIEM,ANL_034,NORMAL,FALSE_POSITIVE,124,124,False,True,False,2026-09-20T22:39:05.399225
ALERT_00361,CSE_015,ASSET_0130,TIER-3,UNAUTHORIZED_ACCESS,LOW,THREAT_INTELLIGENCE,ANL_014,NORMAL,INVESTIGATING,425,425,True,True,False,2026-09-23T01:05:05.399233
ALERT_00362,CSE_012,ASSET_0093,TIER-1,MALWARE,HIGH,THREAT_INTELLIGENCE,ANL_042,NORMAL,OPEN,271,271,True,False,True,2026-09-20T17:06:05.399241
ALERT_00363,CSE_018,ASSET_0146,TIER-1,CONFIGURATION_CHANGE,HIGH,THREAT_INTELLIGENCE,ANL_025,NORMAL,FALSE_POSITIVE,163,163,True,True,True,2026-09-20T23:19:05.399249
ALERT_00364,CSE_013,ASSET_0099,TIER-3,PHISHING,HIGH,FIREWALL,ANL_018,MATURE,FALSE_POSITIVE,164,164,True,True,True,2026-09-23T23:53:05.399258
ALERT_00365,CSE_012,ASSET_0089,TIER-1,DATA_EXFILTRATION,LOW,SIEM,ANL_022,NORMAL,INVESTIGATING,277,277,True,False,False,2026-09-21T07:01:05.399266
ALERT_00366,CSE_007,ASSET_0060,TIER-2,PHISHING,HIGH,THREAT_INTELLIGENCE,ANL_007,NORMAL,INVESTIGATING,10,10,False,True,True,2026-09-21T14:23:05.399275
ALERT_00367,CSE_009,ASSET_0072,TIER-1,UNAUTHORIZED_ACCESS,LOW,IDS,ANL_032,OVERLOADED,INVESTIGATING,53,53,False,True,False,2026-09-21T11:56:05.399283
ALERT_00368,CSE_002,ASSET_0015,TIER-2,DDoS,MEDIUM,IDS,ANL_023,NORMAL,FALSE_POSITIVE,7,7,False,True,True,2026-09-23T19:47:05.399291
ALERT_00369,CSE_011,ASSET_0086,TIER-2,PRIVILEGE_ESCALATION,MEDIUM,IDS,ANL_014,VENDOR_DEPENDENT,RESOLVED,522,522,True,False,True,2026-09-22T09:18:05.399301
ALERT_00370,CSE_015,ASSET_0133,TIER-2,CONFIGURATION_CHANGE,HIGH,FIREWALL,ANL_011,NORMAL,INVESTIGATING,5,5,False,False,True,2026-09-23T01:53:05.399309
ALERT_00371,CSE_008,ASSET_0067,TIER-2,CONFIGURATION_CHANGE,MEDIUM,THREAT_INTELLIGENCE,ANL_026,NORMAL,RESOLVED,79,79,False,False,False,2026-09-21T20:37:05.399318
ALERT_00372,CSE_016,ASSET_0138,TIER-2,MALWARE,LOW,FIREWALL,ANL_016,OVERLOADED,RESOLVED,222,222,False,True,False,2026-09-21T05:39:05.399326
ALERT_00373,CSE_012,ASSET_0097,TIER-1,PRIVILEGE_ESCALATION,MEDIUM,THREAT_INTELLIGENCE,ANL_003,NORMAL,RESOLVED,75,75,False,False,True,2026-09-21T00:04:05.399334
ALERT_00374,CSE_007,ASSET_0058,TIER-0,CONFIGURATION_CHANGE,HIGH,FIREWALL,ANL_020,NORMAL,FALSE_POSITIVE,546,546,True,True,False,2026-09-20T13:18:05.399342
ALERT_00375,CSE_006,ASSET_0052,TIER-2,DATA_EXFILTRATION,MEDIUM,SIEM,ANL_022,OVERLOADED,INVESTIGATING,361,361,True,True,False,2026-09-22T04:10:05.399350
ALERT_00376,CSE_014,ASSET_0110,TIER-3,UNAUTHORIZED_ACCESS,LOW,IDS,ANL_039,VENDOR_DEPENDENT,FALSE_POSITIVE,380,380,True,True,True,2026-09-21T07:40:05.399359
ALERT_00377,CSE_015,ASSET_0131,TIER-2,PRIVILEGE_ESCALATION,MEDIUM,ENDPOINT_AGENT,ANL_024,NORMAL,OPEN,305,305,True,True,False,2026-09-23T00:51:05.399367
ALERT_00378,CSE_001,ASSET_0008,TIER-1,UNAUTHORIZED_ACCESS,HIGH,IDS,ANL_043,VENDOR_DEPENDENT,RESOLVED,425,425,True,True,False,2026-09-23T01:24:05.399380
ALERT_00379,CSE_020,ASSET_0162,TIER-2,DATA_EXFILTRATION,HIGH,SIEM,ANL_022,MATURE,OPEN,425,425,True,False,False,2026-09-22T06:22:05.399390
ALERT_00380,CSE_006,ASSET_0051,TIER-1,DATA_EXFILTRATION,LOW,SIEM,ANL_006,OVERLOADED,INVESTIGATING,273,273,True,True,False,2026-09-22T23:07:05.399399
ALERT_00381,CSE_006,ASSET_0057,TIER-2,DDoS,MEDIUM,THREAT_INTELLIGENCE,ANL_024,OVERLOADED,INVESTIGATING,335,335,True,False,False,2026-09-21T20:13:05.399408
ALERT_00382,CSE_006,ASSET_0051,TIER-1,UNAUTHORIZED_ACCESS,HIGH,ENDPOINT_AGENT,ANL_040,OVERLOADED,INVESTIGATING,365,365,True,True,False,2026-09-20T16:16:05.399416
ALERT_00383,CSE_012,ASSET_0096,TIER-2,DATA_EXFILTRATION,HIGH,THREAT_INTELLIGENCE,ANL_014,NORMAL,FALSE_POSITIVE,83,83,True,False,True,2026-09-21T02:16:05.399424
ALERT_00384,CSE_011,ASSET_0084,TIER-2,MALWARE,LOW,SIEM,ANL_006,VENDOR_DEPENDENT,FALSE_POSITIVE,493,493,True,True,False,2026-09-23T04:40:05.399433
ALERT_00385,CSE_007,ASSET_0061,TIER-0,PRIVILEGE_ESCALATION,LOW,FIREWALL,ANL_038,NORMAL,RESOLVED,149,149,False,False,True,2026-09-21T13:11:05.399441
ALERT_00386,CSE_004,ASSET_0032,TIER-2,DATA_EXFILTRATION,CRITICAL,FIREWALL,ANL_047,VENDOR_DEPENDENT,INVESTIGATING,264,264,True,True,True,2026-09-21T08:11:05.399449
ALERT_00387,CSE_004,ASSET_0036,TIER-0,PHISHING,MEDIUM,THREAT_INTELLIGENCE,ANL_043,VENDOR_DEPENDENT,OPEN,37,37,False,True,True,2026-09-21T23:30:05.399458
ALERT_00388,CSE_011,ASSET_0083,TIER-2,DATA_EXFILTRATION,LOW,THREAT_INTELLIGENCE,ANL_035,VENDOR_DEPENDENT,OPEN,361,361,True,False,True,2026-09-22T20:55:05.399466
ALERT_00389,CSE_008,ASSET_0065,TIER-1,DATA_EXFILTRATION,MEDIUM,SIEM,ANL_035,NORMAL,RESOLVED,522,522,True,True,True,2026-09-20T23:01:05.399476
ALERT_00390,CSE_003,ASSET_0024,TIER-1,CONFIGURATION_CHANGE,MEDIUM,THREAT_INTELLIGENCE,ANL_013,OVERLOADED,OPEN,44,44,False,False,False,2026-09-23T23:13:05.399484
ALERT_00391,CSE_014,ASSET_0116,TIER-0,RANSOMWARE,LOW,IDS,ANL_016,VENDOR_DEPENDENT,OPEN,350,350,True,True,True,2026-09-21T04:11:05.399493
ALERT_00392,CSE_014,ASSET_0114,TIER-2,MALWARE,HIGH,THREAT_INTELLIGENCE,ANL_030,VENDOR_DEPENDENT,INVESTIGATING,358,358,True,True,True,2026-09-23T14:12:05.399501
ALERT_00393,CSE_014,ASSET_0116,TIER-0,MALWARE,MEDIUM,ENDPOINT_AGENT,ANL_003,VENDOR_DEPENDENT,FALSE_POSITIVE,182,182,True,False,True,2026-09-22T04:03:05.399510
ALERT_00394,CSE_018,ASSET_0146,TIER-1,PRIVILEGE_ESCALATION,MEDIUM,FIREWALL,ANL_016,NORMAL,RESOLVED,161,161,True,True,True,2026-09-22T09:38:05.399518
ALERT_00395,CSE_008,ASSET_0063,TIER-2,MALWARE,MEDIUM,ENDPOINT_AGENT,ANL_024,NORMAL,INVESTIGATING,8,8,False,True,False,2026-09-23T02:11:05.399526
ALERT_00396,CSE_020,ASSET_0159,TIER-1,PHISHING,LOW,SIEM,ANL_037,MATURE,INVESTIGATING,274,274,True,True,True,2026-09-21T01:49:05.399536
ALERT_00397,CSE_002,ASSET_0016,TIER-3,MALWARE,LOW,FIREWALL,ANL_050,NORMAL,OPEN,515,515,True,False,True,2026-09-21T07:09:05.399545
ALERT_00398,CSE_004,ASSET_0035,TIER-1,DATA_EXFILTRATION,MEDIUM,FIREWALL,ANL_028,VENDOR_DEPENDENT,RESOLVED,281,281,True,False,True,2026-09-20T18:30:05.399554
ALERT_00399,CSE_009,ASSET_0073,TIER-2,DDoS,MEDIUM,ENDPOINT_AGENT,ANL_040,OVERLOADED,FALSE_POSITIVE,160,160,True,True,False,2026-09-21T18:10:05.399564
ALERT_00400,CSE_007,ASSET_0060,TIER-2,DATA_EXFILTRATION,MEDIUM,THREAT_INTELLIGENCE,ANL_031,NORMAL,INVESTIGATING,498,498,True,False,False,2026-09-21T07:54:05.399572
ALERT_00401,CSE_003,ASSET_0022,TIER-2,PHISHING,LOW,ENDPOINT_AGENT,ANL_030,OVERLOADED,OPEN,7,7,False,False,True,2026-09-22T23:24:05.399581
ALERT_00402,CSE_014,ASSET_0118,TIER-2,DDoS,HIGH,ENDPOINT_AGENT,ANL_031,VENDOR_DEPENDENT,OPEN,6,6,False,True,False,2026-09-22T21:23:05.399589
ALERT_00403,CSE_007,ASSET_0058,TIER-0,DATA_EXFILTRATION,LOW,SIEM,ANL_032,NORMAL,FALSE_POSITIVE,184,184,False,True,False,2026-09-23T20:21:05.399598
ALERT_00404,CSE_018,ASSET_0148,TIER-2,DATA_EXFILTRATION,LOW,FIREWALL,ANL_004,NORMAL,INVESTIGATING,109,109,False,True,False,2026-09-21T17:07:05.399606
ALERT_00405,CSE_007,ASSET_0059,TIER-2,PRIVILEGE_ESCALATION,MEDIUM,SIEM,ANL_033,NORMAL,OPEN,326,326,True,True,True,2026-09-23T06:17:05.399614
ALERT_00406,CSE_006,ASSET_0051,TIER-1,RANSOMWARE,MEDIUM,ENDPOINT_AGENT,ANL_028,OVERLOADED,OPEN,594,594,True,False,True,2026-09-22T20:58:05.399622
ALERT_00407,CSE_018,ASSET_0147,TIER-2,MALWARE,LOW,IDS,ANL_029,NORMAL,RESOLVED,246,246,True,True,True,2026-09-23T15:18:05.399630
ALERT_00408,CSE_018,ASSET_0151,TIER-2,RANSOMWARE,MEDIUM,FIREWALL,ANL_012,NORMAL,OPEN,1,1,False,False,False,2026-09-21T12:53:05.399639
ALERT_00409,CSE_020,ASSET_0158,TIER-3,MALWARE,LOW,THREAT_INTELLIGENCE,ANL_020,MATURE,INVESTIGATING,10,10,False,True,True,2026-09-20T15:53:05.399648
ALERT_00410,CSE_007,ASSET_0060,TIER-2,UNAUTHORIZED_ACCESS,MEDIUM,SIEM,ANL_036,NORMAL,INVESTIGATING,576,576,True,False,True,2026-09-22T22:00:05.399658
ALERT_00411,CSE_003,ASSET_0022,TIER-2,RANSOMWARE,MEDIUM,SIEM,ANL_042,OVERLOADED,INVESTIGATING,62,62,False,False,False,2026-09-21T20:05:05.399667
ALERT_00412,CSE_007,ASSET_0061,TIER-0,MALWARE,LOW,SIEM,ANL_046,NORMAL,RESOLVED,100,100,False,True,False,2026-09-23T04:54:05.399676
ALERT_00413,CSE_003,ASSET_0023,TIER-1,DDoS,LOW,IDS,ANL_011,OVERLOADED,INVESTIGATING,161,161,False,False,False,2026-09-23T17:31:05.399684
ALERT_00414,CSE_009,ASSET_0070,TIER-2,UNAUTHORIZED_ACCESS,LOW,SIEM,ANL_024,OVERLOADED,RESOLVED,50,50,False,True,False,2026-09-23T10:50:05.399693
ALERT_00415,CSE_014,ASSET_0112,TIER-3,PRIVILEGE_ESCALATION,MEDIUM,SIEM,ANL_015,VENDOR_DEPENDENT,FALSE_POSITIVE,159,159,True,True,True,2026-09-23T07:02:05.399701
ALERT_00416,CSE_005,ASSET_0048,TIER-2,PRIVILEGE_ESCALATION,MEDIUM,SIEM,ANL_035,OVERLOADED,RESOLVED,8,8,False,True,False,2026-09-22T06:19:05.399709
ALERT_00417,CSE_014,ASSET_0117,TIER-2,PHISHING,MEDIUM,FIREWALL,ANL_028,VENDOR_DEPENDENT,INVESTIGATING,10,10,False,True,True,2026-09-23T21:41:05.399717
ALERT_00418,CSE_005,ASSET_0046,TIER-0,DATA_EXFILTRATION,MEDIUM,IDS,ANL_004,OVERLOADED,RESOLVED,590,590,True,True,True,2026-09-23T19:42:05.399726
ALERT_00419,CSE_014,ASSET_0111,TIER-1,RANSOMWARE,LOW,THREAT_INTELLIGENCE,ANL_048,VENDOR_DEPENDENT,INVESTIGATING,9,9,False,True,False,2026-09-23T04:28:05.399736
ALERT_00420,CSE_011,ASSET_0086,TIER-2,CONFIGURATION_CHANGE,MEDIUM,IDS,ANL_013,VENDOR_DEPENDENT,OPEN,82,82,False,True,False,2026-09-21T09:07:05.399744
ALERT_00421,CSE_018,ASSET_0151,TIER-2,PRIVILEGE_ESCALATION,MEDIUM,ENDPOINT_AGENT,ANL_013,NORMAL,RESOLVED,234,234,True,False,False,2026-09-23T14:30:05.399753
ALERT_00422,CSE_012,ASSET_0092,TIER-2,UNAUTHORIZED_ACCESS,HIGH,SIEM,ANL_002,NORMAL,INVESTIGATING,430,430,True,True,False,2026-09-22T14:10:05.399761
ALERT_00423,CSE_016,ASSET_0135,TIER-2,UNAUTHORIZED_ACCESS,HIGH,FIREWALL,ANL_043,OVERLOADED,FALSE_POSITIVE,169,169,True,False,True,2026-09-23T16:48:05.399769
ALERT_00424,CSE_006,ASSET_0052,TIER-2,UNAUTHORIZED_ACCESS,MEDIUM,SIEM,ANL_038,OVERLOADED,RESOLVED,275,275,True,False,True,2026-09-21T17:38:05.399778
ALERT_00425,CSE_019,ASSET_0157,TIER-2,RANSOMWARE,CRITICAL,SIEM,ANL_027,VENDOR_DEPENDENT,RESOLVED,521,521,True,True,True,2026-09-23T05:24:05.399786
ALERT_00426,CSE_012,ASSET_0093,TIER-1,DDoS,LOW,IDS,ANL_041,NORMAL,RESOLVED,297,297,True,True,True,2026-09-22T23:34:05.399794
ALERT_00427,CSE_010,ASSET_0075,TIER-2,UNAUTHORIZED_ACCESS,MEDIUM,FIREWALL,ANL_036,MATURE,FALSE_POSITIVE,279,279,True,True,True,2026-09-21T06:07:05.399802
ALERT_00428,CSE_014,ASSET_0108,TIER-3,DDoS,LOW,FIREWALL,ANL_006,VENDOR_DEPENDENT,INVESTIGATING,207,207,False,True,False,2026-09-22T00:11:05.399810
ALERT_00429,CSE_005,ASSET_0047,TIER-3,MALWARE,MEDIUM,IDS,ANL_043,OVERLOADED,RESOLVED,342,342,True,True,False,2026-09-22T22:48:05.399820
ALERT_00430,CSE_015,ASSET_0127,TIER-3,UNAUTHORIZED_ACCESS,HIGH,ENDPOINT_AGENT,ANL_035,NORMAL,INVESTIGATING,556,556,True,False,False,2026-09-23T15:22:05.399828
ALERT_00431,CSE_005,ASSET_0037,TIER-1,MALWARE,MEDIUM,FIREWALL,ANL_024,OVERLOADED,INVESTIGATING,56,56,False,False,False,2026-09-21T23:39:05.399837
ALERT_00432,CSE_001,ASSET_0013,TIER-1,UNAUTHORIZED_ACCESS,HIGH,SIEM,ANL_042,VENDOR_DEPENDENT,FALSE_POSITIVE,34,34,False,True,False,2026-09-22T17:04:05.399845
ALERT_00433,CSE_005,ASSET_0038,TIER-3,PRIVILEGE_ESCALATION,MEDIUM,FIREWALL,ANL_013,OVERLOADED,OPEN,537,537,True,False,False,2026-09-21T19:25:05.399853
ALERT_00434,CSE_016,ASSET_0137,TIER-3,PRIVILEGE_ESCALATION,MEDIUM,FIREWALL,ANL_041,OVERLOADED,INVESTIGATING,552,552,True,False,True,2026-09-20T21:05:05.399861
ALERT_00435,CSE_010,ASSET_0075,TIER-2,RANSOMWARE,LOW,SIEM,ANL_032,MATURE,OPEN,568,568,True,True,True,2026-09-22T21:44:05.399870
ALERT_00436,CSE_013,ASSET_0105,TIER-1,RANSOMWARE,LOW,IDS,ANL_004,MATURE,INVESTIGATING,321,321,True,True,True,2026-09-20T19:39:05.399878
ALERT_00437,CSE_006,ASSET_0052,TIER-2,PHISHING,MEDIUM,ENDPOINT_AGENT,ANL_045,OVERLOADED,RESOLVED,410,410,True,False,True,2026-09-20T14:07:05.399886
ALERT_00438,CSE_015,ASSET_0124,TIER-3,CONFIGURATION_CHANGE,HIGH,FIREWALL,ANL_031,NORMAL,INVESTIGATING,270,270,True,False,False,2026-09-22T17:56:05.399895
ALERT_00439,CSE_015,ASSET_0131,TIER-2,PHISHING,HIGH,THREAT_INTELLIGENCE,ANL_025,NORMAL,INVESTIGATING,324,324,True,False,False,2026-09-21T04:17:05.399905
ALERT_00440,CSE_012,ASSET_0096,TIER-2,MALWARE,LOW,SIEM,ANL_040,NORMAL,INVESTIGATING,307,307,True,True,True,2026-09-23T17:14:05.399913
ALERT_00441,CSE_012,ASSET_0090,TIER-0,PHISHING,CRITICAL,FIREWALL,ANL_050,NORMAL,OPEN,65,65,True,False,True,2026-09-23T13:36:05.399923
ALERT_00442,CSE_013,ASSET_0099,TIER-3,PHISHING,MEDIUM,THREAT_INTELLIGENCE,ANL_031,MATURE,INVESTIGATING,313,313,True,True,True,2026-09-22T11:58:05.399931
ALERT_00443,CSE_003,ASSET_0020,TIER-2,CONFIGURATION_CHANGE,LOW,FIREWALL,ANL_035,OVERLOADED,RESOLVED,37,37,False,False,False,2026-09-23T19:49:05.399940
ALERT_00444,CSE_015,ASSET_0119,TIER-2,UNAUTHORIZED_ACCESS,HIGH,ENDPOINT_AGENT,ANL_014,NORMAL,FALSE_POSITIVE,441,441,True,True,True,2026-09-23T16:28:05.399948
ALERT_00445,CSE_008,ASSET_0064,TIER-3,MALWARE,MEDIUM,THREAT_INTELLIGENCE,ANL_007,NORMAL,OPEN,366,366,True,False,False,2026-09-20T23:48:05.399956
ALERT_00446,CSE_006,ASSET_0057,TIER-2,MALWARE,LOW,ENDPOINT_AGENT,ANL_027,OVERLOADED,RESOLVED,501,501,True,False,True,2026-09-21T15:30:05.399964
ALERT_00447,CSE_004,ASSET_0033,TIER-1,PHISHING,HIGH,FIREWALL,ANL_031,VENDOR_DEPENDENT,INVESTIGATING,447,447,True,True,True,2026-09-23T11:27:05.399974
ALERT_00448,CSE_005,ASSET_0043,TIER-2,RANSOMWARE,LOW,IDS,ANL_011,OVERLOADED,INVESTIGATING,586,586,True,False,True,2026-09-22T08:55:05.399983
ALERT_00449,CSE_020,ASSET_0158,TIER-3,DATA_EXFILTRATION,MEDIUM,ENDPOINT_AGENT,ANL_041,MATURE,INVESTIGATING,569,569,True,True,True,2026-09-22T04:28:05.399993
ALERT_00450,CSE_011,ASSET_0087,TIER-2,PRIVILEGE_ESCALATION,LOW,IDS,ANL_002,VENDOR_DEPENDENT,FALSE_POSITIVE,4,4,False,False,False,2026-09-21T16:06:05.400001
ALERT_00451,CSE_001,ASSET_0013,TIER-1,PRIVILEGE_ESCALATION,HIGH,ENDPOINT_AGENT,ANL_030,VENDOR_DEPENDENT,INVESTIGATING,480,480,True,False,True,2026-09-22T04:39:05.400009
ALERT_00452,CSE_019,ASSET_0157,TIER-2,DATA_EXFILTRATION,HIGH,IDS,ANL_015,VENDOR_DEPENDENT,INVESTIGATING,6,6,False,True,True,2026-09-21T22:00:05.400017
ALERT_00453,CSE_001,ASSET_0008,TIER-1,CONFIGURATION_CHANGE,LOW,FIREWALL,ANL_025,VENDOR_DEPENDENT,INVESTIGATING,161,161,False,True,False,2026-09-22T18:09:05.400026
ALERT_00454,CSE_019,ASSET_0154,TIER-0,MALWARE,LOW,ENDPOINT_AGENT,ANL_044,VENDOR_DEPENDENT,RESOLVED,231,231,False,True,False,2026-09-20T21:14:05.400034
ALERT_00455,CSE_001,ASSET_0007,TIER-0,DDoS,LOW,THREAT_INTELLIGENCE,ANL_027,VENDOR_DEPENDENT,OPEN,401,401,True,False,False,2026-09-22T04:00:05.400042
ALERT_00456,CSE_006,ASSET_0051,TIER-1,DATA_EXFILTRATION,LOW,IDS,ANL_040,OVERLOADED,OPEN,394,394,True,False,False,2026-09-20T20:28:05.400050
ALERT_00457,CSE_014,ASSET_0109,TIER-2,PHISHING,MEDIUM,SIEM,ANL_013,VENDOR_DEPENDENT,OPEN,10,10,False,False,False,2026-09-23T01:01:05.400058
ALERT_00458,CSE_014,ASSET_0106,TIER-2,MALWARE,LOW,SIEM,ANL_008,VENDOR_DEPENDENT,OPEN,136,136,False,True,False,2026-09-22T22:13:05.400067
ALERT_00459,CSE_005,ASSET_0042,TIER-0,CONFIGURATION_CHANGE,HIGH,THREAT_INTELLIGENCE,ANL_017,OVERLOADED,INVESTIGATING,453,453,True,False,True,2026-09-20T23:44:05.400077
ALERT_00460,CSE_001,ASSET_0001,TIER-2,DDoS,LOW,SIEM,ANL_036,VENDOR_DEPENDENT,FALSE_POSITIVE,8,8,False,False,False,2026-09-23T03:43:05.400085
ALERT_00461,CSE_005,ASSET_0042,TIER-0,MALWARE,MEDIUM,ENDPOINT_AGENT,ANL_005,OVERLOADED,OPEN,94,94,False,True,False,2026-09-21T04:26:05.400094
ALERT_00462,CSE_003,ASSET_0028,TIER-1,CONFIGURATION_CHANGE,MEDIUM,ENDPOINT_AGENT,ANL_042,OVERLOADED,INVESTIGATING,2,2,False,False,True,2026-09-21T19:36:05.400102
ALERT_00463,CSE_015,ASSET_0129,TIER-1,DDoS,MEDIUM,ENDPOINT_AGENT,ANL_050,NORMAL,OPEN,351,351,True,True,True,2026-09-22T05:34:05.400110
ALERT_00464,CSE_012,ASSET_0097,TIER-1,PRIVILEGE_ESCALATION,HIGH,ENDPOINT_AGENT,ANL_013,NORMAL,INVESTIGATING,444,444,True,False,False,2026-09-23T08:14:05.400118
ALERT_00465,CSE_002,ASSET_0015,TIER-2,PRIVILEGE_ESCALATION,LOW,ENDPOINT_AGENT,ANL_031,NORMAL,INVESTIGATING,600,600,True,True,False,2026-09-23T18:09:05.400127
ALERT_00466,CSE_007,ASSET_0060,TIER-2,PHISHING,HIGH,THREAT_INTELLIGENCE,ANL_046,NORMAL,RESOLVED,565,565,True,False,True,2026-09-20T13:26:05.400135
ALERT_00467,CSE_014,ASSET_0118,TIER-2,UNAUTHORIZED_ACCESS,LOW,FIREWALL,ANL_028,VENDOR_DEPENDENT,INVESTIGATING,9,9,False,True,True,2026-09-22T11:50:05.400143
ALERT_00468,CSE_019,ASSET_0155,TIER-0,DDoS,LOW,ENDPOINT_AGENT,ANL_037,VENDOR_DEPENDENT,RESOLVED,480,480,True,True,False,2026-09-22T04:31:05.400152
ALERT_00469,CSE_015,ASSET_0123,TIER-0,DDoS,CRITICAL,IDS,ANL_026,NORMAL,FALSE_POSITIVE,39,39,True,True,True,2026-09-21T18:34:05.400162
ALERT_00470,CSE_001,ASSET_0005,TIER-1,PRIVILEGE_ESCALATION,MEDIUM,IDS,ANL_025,VENDOR_DEPENDENT,INVESTIGATING,479,479,True,False,False,2026-09-23T22:31:05.400171
ALERT_00471,CSE_003,ASSET_0023,TIER-1,UNAUTHORIZED_ACCESS,HIGH,FIREWALL,ANL_024,OVERLOADED,RESOLVED,2,2,False,True,True,2026-09-21T16:15:05.400179
ALERT_00472,CSE_015,ASSET_0131,TIER-2,PRIVILEGE_ESCALATION,LOW,ENDPOINT_AGENT,ANL_012,NORMAL,RESOLVED,82,82,False,True,True,2026-09-23T03:37:05.400187
ALERT_00473,CSE_015,ASSET_0125,TIER-1,RANSOMWARE,HIGH,THREAT_INTELLIGENCE,ANL_041,NORMAL,OPEN,7,7,False,False,True,2026-09-21T00:37:05.400197
ALERT_00474,CSE_010,ASSET_0075,TIER-2,PHISHING,LOW,FIREWALL,ANL_016,MATURE,INVESTIGATING,138,138,False,False,False,2026-09-21T14:27:05.400205
ALERT_00475,CSE_013,ASSET_0099,TIER-3,DDoS,MEDIUM,IDS,ANL_039,MATURE,OPEN,574,574,True,True,True,2026-09-20T20:03:05.400214
ALERT_00476,CSE_004,ASSET_0036,TIER-0,DATA_EXFILTRATION,LOW,THREAT_INTELLIGENCE,ANL_042,VENDOR_DEPENDENT,OPEN,396,396,True,True,True,2026-09-22T05:04:05.400222
ALERT_00477,CSE_013,ASSET_0105,TIER-1,CONFIGURATION_CHANGE,MEDIUM,ENDPOINT_AGENT,ANL_038,MATURE,FALSE_POSITIVE,121,121,True,True,False,2026-09-22T17:03:05.400234
ALERT_00478,CSE_014,ASSET_0111,TIER-1,UNAUTHORIZED_ACCESS,MEDIUM,SIEM,ANL_019,VENDOR_DEPENDENT,RESOLVED,5,5,False,True,False,2026-09-21T08:13:05.400244
ALERT_00479,CSE_016,ASSET_0138,TIER-2,RANSOMWARE,LOW,THREAT_INTELLIGENCE,ANL_025,OVERLOADED,FALSE_POSITIVE,400,400,True,True,False,2026-09-23T05:12:05.400264
ALERT_00480,CSE_011,ASSET_0083,TIER-2,RANSOMWARE,LOW,IDS,ANL_002,VENDOR_DEPENDENT,INVESTIGATING,7,7,False,True,True,2026-09-23T23:00:05.400275
ALERT_00481,CSE_003,ASSET_0024,TIER-1,PHISHING,LOW,THREAT_INTELLIGENCE,ANL_049,OVERLOADED,RESOLVED,140,140,False,False,False,2026-09-21T03:31:05.400284
ALERT_00482,CSE_012,ASSET_0090,TIER-0,DDoS,LOW,SIEM,ANL_003,NORMAL,OPEN,467,467,True,True,False,2026-09-22T17:05:05.400292
ALERT_00483,CSE_015,ASSET_0128,TIER-3,RANSOMWARE,LOW,THREAT_INTELLIGENCE,ANL_039,NORMAL,RESOLVED,184,184,False,True,False,2026-09-21T22:37:05.400301
ALERT_00484,CSE_005,ASSET_0044,TIER-1,DATA_EXFILTRATION,LOW,FIREWALL,ANL_039,OVERLOADED,INVESTIGATING,411,411,True,False,False,2026-09-21T15:40:05.400310
ALERT_00485,CSE_015,ASSET_0129,TIER-1,CONFIGURATION_CHANGE,MEDIUM,SIEM,ANL_028,NORMAL,FALSE_POSITIVE,86,86,False,False,True,2026-09-21T03:14:05.400318
ALERT_00486,CSE_013,ASSET_0103,TIER-3,DATA_EXFILTRATION,HIGH,ENDPOINT_AGENT,ANL_036,MATURE,OPEN,422,422,True,False,True,2026-09-20T20:46:05.400327
ALERT_00487,CSE_008,ASSET_0065,TIER-1,PRIVILEGE_ESCALATION,HIGH,FIREWALL,ANL_017,NORMAL,FALSE_POSITIVE,134,134,True,True,False,2026-09-21T20:30:05.400335
ALERT_00488,CSE_006,ASSET_0053,TIER-2,PRIVILEGE_ESCALATION,MEDIUM,SIEM,ANL_010,OVERLOADED,FALSE_POSITIVE,501,501,True,True,False,2026-09-22T00:58:05.400343
ALERT_00489,CSE_016,ASSET_0134,TIER-0,PHISHING,LOW,FIREWALL,ANL_007,OVERLOADED,OPEN,123,123,False,True,False,2026-09-23T05:59:05.400353
ALERT_00490,CSE_016,ASSET_0135,TIER-2,DDoS,LOW,IDS,ANL_038,OVERLOADED,FALSE_POSITIVE,4,4,False,True,False,2026-09-20T18:21:05.400362
ALERT_00491,CSE_018,ASSET_0146,TIER-1,CONFIGURATION_CHANGE,LOW,SIEM,ANL_011,NORMAL,OPEN,183,183,False,False,True,2026-09-22T13:02:05.400371
ALERT_00492,CSE_014,ASSET_0108,TIER-3,PHISHING,MEDIUM,IDS,ANL_015,VENDOR_DEPENDENT,FALSE_POSITIVE,322,322,True,True,True,2026-09-22T10:40:05.400379
ALERT_00493,CSE_013,ASSET_0102,TIER-1,PRIVILEGE_ESCALATION,MEDIUM,ENDPOINT_AGENT,ANL_026,MATURE,OPEN,152,152,True,True,True,2026-09-20T13:17:05.400388
ALERT_00494,CSE_006,ASSET_0057,TIER-2,DATA_EXFILTRATION,HIGH,SIEM,ANL_038,OVERLOADED,FALSE_POSITIVE,131,131,True,False,False,2026-09-21T16:11:05.400396
ALERT_00495,CSE_010,ASSET_0076,TIER-2,UNAUTHORIZED_ACCESS,MEDIUM,THREAT_INTELLIGENCE,ANL_009,MATURE,OPEN,449,449,True,True,True,2026-09-23T11:27:05.400405
ALERT_00496,CSE_013,ASSET_0102,TIER-1,UNAUTHORIZED_ACCESS,LOW,SIEM,ANL_045,MATURE,INVESTIGATING,292,292,True,True,True,2026-09-21T05:32:05.400413
ALERT_00497,CSE_002,ASSET_0015,TIER-2,CONFIGURATION_CHANGE,HIGH,SIEM,ANL_003,NORMAL,INVESTIGATING,430,430,True,False,True,2026-09-23T14:20:05.400422
ALERT_00498,CSE_004,ASSET_0031,TIER-2,CONFIGURATION_CHANGE,LOW,SIEM,ANL_010,VENDOR_DEPENDENT,FALSE_POSITIVE,6,6,False,False,False,2026-09-21T15:45:05.400432
ALERT_00499,CSE_002,ASSET_0019,TIER-2,RANSOMWARE,MEDIUM,IDS,ANL_012,NORMAL,INVESTIGATING,417,417,True,False,False,2026-09-20T13:41:05.400442
ALERT_00500,CSE_003,ASSET_0020,TIER-2,PHISHING,LOW,FIREWALL,ANL_001,OVERLOADED,INVESTIGATING,421,421,True,False,True,2026-09-23T03:41:05.400451
