analyst_id,analyst_name,role,experience_years,skill_level,workload,availability
ANL_001,Analyst_1,L1_ANALYST,0,EXPERT,HIGH,OFFLINE
ANL_002,Analyst_2,L2_ANALYST,4,HIGH,LOW,OFFLINE
ANL_003,Analyst_3,L3_ANALYST,9,HIGH,HIGH,ACTIVE
ANL_004,Analyst_4,L2_ANALYST,5,EXPERT,NORMAL,ACTIVE
ANL_005,Analyst_5,L1_ANALYST,0,EXPERT,NORMAL,OFFLINE
ANL_006,Analyst_6,L3_ANALYST,5,HIGH,HIGH,ACTIVE
ANL_007,Analyst_7,L2_ANALYST,5,MEDIUM,NORMAL,ACTIVE
ANL_008,Analyst_8,L2_ANALYST,2,EXPERT,LOW,ACTIVE
ANL_009,Analyst_9,L2_ANALYST,4,EXPERT,OVERLOADED,ACTIVE
ANL_010,Analyst_10,L1_ANALYST,0,HIGH,LOW,ACTIVE
ANL_011,Analyst_11,L2_ANALYST,4,LOW,NORMAL,ACTIVE
ANL_012,Analyst_12,L1_ANALYST,0,EXPERT,OVERLOADED,ACTIVE
ANL_013,Analyst_13,L3_ANALYST,7,HIGH,OVERLOADED,ACTIVE
ANL_014,Analyst_14,L3_ANALYST,9,LOW,NORMAL,OFFLINE
ANL_015,Analyst_15,L2_ANALYST,3,EXPERT,NORMAL,OFFLINE
ANL_016,Analyst_16,L1_ANALYST,2,MEDIUM,NORMAL,ACTIVE
ANL_017,Analyst_17,L3_ANALYST,7,LOW,HIGH,OFFLINE
ANL_018,Analyst_18,L3_ANALYST,9,HIGH,HIGH,ACTIVE
ANL_019,Analyst_19,L1_ANALYST,0,HIGH,OVERLOADED,OFFLINE
ANL_020,Analyst_20,L1_ANALYST,2,LOW,NORMAL,OFFLINE
ANL_021,Analyst_21,L1_ANALYST,1,EXPERT,OVERLOADED,ACTIVE
ANL_022,Analyst_22,L1_ANALYST,0,MEDIUM,LOW,ACTIVE
ANL_023,Analyst_23,L2_ANALYST,4,MEDIUM,NORMAL,OFFLINE
ANL_024,Analyst_24,L1_ANALYST,0,MEDIUM,LOW,ACTIVE
ANL_025,Analyst_25,L2_ANALYST,5,MEDIUM,HIGH,OFFLINE
ANL_026,Analyst_26,L1_ANALYST,2,HIGH,LOW,OFFLINE
ANL_027,Analyst_27,L1_ANALYST,2,MEDIUM,NORMAL,OFFLINE
ANL_028,Analyst_28,L1_ANALYST,0,EXPERT,HIGH,ACTIVE
ANL_029,Analyst_29,L3_ANALYST,6,LOW,OVERLOADED,ACTIVE
ANL_030,Analyst_30,L2_ANALYST,3,LOW,HIGH,ACTIVE
ANL_031,Analyst_31,L2_ANALYST,4,MEDIUM,LOW,ACTIVE
ANL_032,Analyst_32,L1_ANALYST,0,LOW,HIGH,OFFLINE
ANL_033,Analyst_33,L3_ANALYST,7,MEDIUM,HIGH,OFFLINE
ANL_034,Analyst_34,L1_ANALYST,0,MEDIUM,HIGH,OFFLINE
ANL_035,Analyst_35,L1_ANALYST,2,MEDIUM,NORMAL,ACTIVE
ANL_036,Analyst_36,L3_ANALYST,10,MEDIUM,OVERLOADED,ACTIVE
ANL_037,Analyst_37,L2_ANALYST,2,LOW,HIGH,ACTIVE
ANL_038,Analyst_38,L2_ANALYST,2,LOW,OVERLOADED,ACTIVE
ANL_039,Analyst_39,L3_ANALYST,7,MEDIUM,HIGH,OFFLINE
ANL_040,Analyst_40,L1_ANALYST,2,LOW,NORMAL,ACTIVE
ANL_041,Analyst_41,L1_ANALYST,2,EXPERT,HIGH,OFFLINE
ANL_042,Analyst_42,L1_ANALYST,1,EXPERT,NORMAL,ACTIVE
ANL_043,Analyst_43,L3_ANALYST,7,LOW,LOW,ACTIVE
ANL_044,Analyst_44,L3_ANALYST,10,MEDIUM,HIGH,ACTIVE
ANL_045,Analyst_45,L2_ANALYST,4,HIGH,OVERLOADED,ACTIVE
ANL_046,Analyst_46,L1_ANALYST,0,HIGH,LOW,ACTIVE
ANL_047,Analyst_47,L2_ANALYST,5,MEDIUM,HIGH,ACTIVE
ANL_048,Analyst_48,L1_ANALYST,2,LOW,NORMAL,OFFLINE
ANL_049,Analyst_49,L1_ANALYST,2,MEDIUM,NORMAL,ACTIVE
ANL_050,Analyst_50,L1_ANALYST,1,HIGH,HIGH,ACTIVE
