asset_id,cse_id,asset_name,asset_type,criticality,business_function,internet_exposed
ASSET_0001,CSE_001,BANKING_ASSET_1,FIREWALL,TIER-2,Payment Gateway,True
ASSET_0002,CSE_001,BANKING_ASSET_2,APPLICATION,TIER-0,Transaction Processing,False
ASSET_0003,CSE_001,BANKING_ASSET_3,PLC_CONTROLLER,TIER-1,Core Banking,True
ASSET_0004,CSE_001,BANKING_ASSET_4,APPLICATION,TIER-1,Transaction Processing,False
ASSET_0005,CSE_001,BANKING_ASSET_5,CLOUD_SERVICE,TIER-1,Transaction Processing,True
ASSET_0006,CSE_001,BANKING_ASSET_6,PLC_CONTROLLER,TIER-1,Transaction Processing,False
ASSET_0007,CSE_001,BANKING_ASSET_7,SERVER,TIER-0,Core Banking,True
ASSET_0008,CSE_001,BANKING_ASSET_8,SCADA_SYSTEM,TIER-1,Payment Gateway,False
ASSET_0009,CSE_001,BANKING_ASSET_9,CLOUD_SERVICE,TIER-2,Transaction Processing,True
ASSET_0010,CSE_001,BANKING_ASSET_10,ENDPOINT,TIER-2,Payment Gateway,True
ASSET_0011,CSE_001,BANKING_ASSET_11,FIREWALL,TIER-3,Transaction Processing,True
ASSET_0012,CSE_001,BANKING_ASSET_12,FIREWALL,TIER-1,Transaction Processing,True
ASSET_0013,CSE_001,BANKING_ASSET_13,PLC_CONTROLLER,TIER-1,Transaction Processing,True
ASSET_0014,CSE_001,BANKING_ASSET_14,SCADA_SYSTEM,TIER-2,Core Banking,True
ASSET_0015,CSE_002,GOVERNMENT_ASSET_15,PLC_CONTROLLER,TIER-2,Citizen Services,True
ASSET_0016,CSE_002,GOVERNMENT_ASSET_16,APPLICATION,TIER-3,Government Applications,False
ASSET_0017,CSE_002,GOVERNMENT_ASSET_17,FIREWALL,TIER-2,Data Management,True
ASSET_0018,CSE_002,GOVERNMENT_ASSET_18,ENDPOINT,TIER-3,Citizen Services,False
ASSET_0019,CSE_002,GOVERNMENT_ASSET_19,FIREWALL,TIER-2,Citizen Services,False
ASSET_0020,CSE_003,BANKING_ASSET_20,SERVER,TIER-2,Core Banking,False
ASSET_0021,CSE_003,BANKING_ASSET_21,CLOUD_SERVICE,TIER-2,Transaction Processing,False
ASSET_0022,CSE_003,BANKING_ASSET_22,ENDPOINT,TIER-2,Payment Gateway,False
ASSET_0023,CSE_003,BANKING_ASSET_23,SCADA_SYSTEM,TIER-1,Transaction Processing,True
ASSET_0024,CSE_003,BANKING_ASSET_24,SCADA_SYSTEM,TIER-1,Payment Gateway,True
ASSET_0025,CSE_003,BANKING_ASSET_25,SCADA_SYSTEM,TIER-2,Core Banking,True
ASSET_0026,CSE_003,BANKING_ASSET_26,ENDPOINT,TIER-3,Transaction Processing,True
ASSET_0027,CSE_003,BANKING_ASSET_27,SCADA_SYSTEM,TIER-0,Payment Gateway,False
ASSET_0028,CSE_003,BANKING_ASSET_28,SCADA_SYSTEM,TIER-1,Payment Gateway,True
ASSET_0029,CSE_003,BANKING_ASSET_29,APPLICATION,TIER-2,Transaction Processing,False
ASSET_0030,CSE_003,BANKING_ASSET_30,FIREWALL,TIER-0,Core Banking,True
ASSET_0031,CSE_004,TRANSPORT_ASSET_31,ENDPOINT,TIER-2,Traffic Management,False
ASSET_0032,CSE_004,TRANSPORT_ASSET_32,FIREWALL,TIER-2,Fleet Operations,False
ASSET_0033,CSE_004,TRANSPORT_ASSET_33,ENDPOINT,TIER-1,Fleet Operations,True
ASSET_0034,CSE_004,TRANSPORT_ASSET_34,SCADA_SYSTEM,TIER-3,Fleet Operations,False
ASSET_0035,CSE_004,TRANSPORT_ASSET_35,FIREWALL,TIER-1,Fleet Operations,False
ASSET_0036,CSE_004,TRANSPORT_ASSET_36,PLC_CONTROLLER,TIER-0,Traffic Management,False
ASSET_0037,CSE_005,ENERGY_ASSET_37,DATABASE,TIER-1,Power Generation,True
ASSET_0038,CSE_005,ENERGY_ASSET_38,DATABASE,TIER-3,Power Generation,True
ASSET_0039,CSE_005,ENERGY_ASSET_39,SCADA_SYSTEM,TIER-3,Power Generation,False
ASSET_0040,CSE_005,ENERGY_ASSET_40,SCADA_SYSTEM,TIER-2,Grid Distribution,True
ASSET_0041,CSE_005,ENERGY_ASSET_41,PLC_CONTROLLER,TIER-3,SCADA Monitoring,True
ASSET_0042,CSE_005,ENERGY_ASSET_42,ENDPOINT,TIER-0,Power Generation,True
ASSET_0043,CSE_005,ENERGY_ASSET_43,CLOUD_SERVICE,TIER-2,Power Generation,False
ASSET_0044,CSE_005,ENERGY_ASSET_44,CLOUD_SERVICE,TIER-1,Power Generation,False
ASSET_0045,CSE_005,ENERGY_ASSET_45,ENDPOINT,TIER-2,Power Generation,True
ASSET_0046,CSE_005,ENERGY_ASSET_46,FIREWALL,TIER-0,SCADA Monitoring,False
ASSET_0047,CSE_005,ENERGY_ASSET_47,SERVER,TIER-3,Power Generation,False
ASSET_0048,CSE_005,ENERGY_ASSET_48,SERVER,TIER-2,Power Generation,True
ASSET_0049,CSE_005,ENERGY_ASSET_49,APPLICATION,TIER-1,SCADA Monitoring,True
ASSET_0050,CSE_005,ENERGY_ASSET_50,APPLICATION,TIER-1,Grid Distribution,False
ASSET_0051,CSE_006,HEALTHCARE_ASSET_51,DATABASE,TIER-1,Patient Records,False
ASSET_0052,CSE_006,HEALTHCARE_ASSET_52,ENDPOINT,TIER-2,Patient Records,True
ASSET_0053,CSE_006,HEALTHCARE_ASSET_53,CLOUD_SERVICE,TIER-2,Patient Records,True
ASSET_0054,CSE_006,HEALTHCARE_ASSET_54,DATABASE,TIER-3,Patient Records,False
ASSET_0055,CSE_006,HEALTHCARE_ASSET_55,FIREWALL,TIER-2,Medical Systems,False
ASSET_0056,CSE_006,HEALTHCARE_ASSET_56,CLOUD_SERVICE,TIER-2,Hospital Operations,False
ASSET_0057,CSE_006,HEALTHCARE_ASSET_57,SCADA_SYSTEM,TIER-2,Medical Systems,False
ASSET_0058,CSE_007,TELECOM_ASSET_58,SCADA_SYSTEM,TIER-0,Customer Services,True
ASSET_0059,CSE_007,TELECOM_ASSET_59,FIREWALL,TIER-2,Communication Infrastructure,False
ASSET_0060,CSE_007,TELECOM_ASSET_60,ENDPOINT,TIER-2,Network Management,True
ASSET_0061,CSE_007,TELECOM_ASSET_61,ENDPOINT,TIER-0,Customer Services,True
ASSET_0062,CSE_007,TELECOM_ASSET_62,SCADA_SYSTEM,TIER-3,Communication Infrastructure,False
ASSET_0063,CSE_008,TRANSPORT_ASSET_63,SERVER,TIER-2,Traffic Management,True
ASSET_0064,CSE_008,TRANSPORT_ASSET_64,DATABASE,TIER-3,Ticketing System,True
ASSET_0065,CSE_008,TRANSPORT_ASSET_65,SERVER,TIER-1,Fleet Operations,True
ASSET_0066,CSE_008,TRANSPORT_ASSET_66,SERVER,TIER-1,Ticketing System,False
ASSET_0067,CSE_008,TRANSPORT_ASSET_67,FIREWALL,TIER-2,Ticketing System,True
ASSET_0068,CSE_008,TRANSPORT_ASSET_68,CLOUD_SERVICE,TIER-3,Traffic Management,False
ASSET_0069,CSE_009,TRANSPORT_ASSET_69,PLC_CONTROLLER,TIER-2,Traffic Management,True
ASSET_0070,CSE_009,TRANSPORT_ASSET_70,FIREWALL,TIER-2,Traffic Management,True
ASSET_0071,CSE_009,TRANSPORT_ASSET_71,SERVER,TIER-1,Ticketing System,True
ASSET_0072,CSE_009,TRANSPORT_ASSET_72,SERVER,TIER-1,Traffic Management,False
ASSET_0073,CSE_009,TRANSPORT_ASSET_73,ENDPOINT,TIER-2,Ticketing System,False
ASSET_0074,CSE_009,TRANSPORT_ASSET_74,PLC_CONTROLLER,TIER-2,Traffic Management,True
ASSET_0075,CSE_010,TELECOM_ASSET_75,APPLICATION,TIER-2,Customer Services,True
ASSET_0076,CSE_010,TELECOM_ASSET_76,APPLICATION,TIER-2,Communication Infrastructure,True
ASSET_0077,CSE_010,TELECOM_ASSET_77,FIREWALL,TIER-2,Customer Services,True
ASSET_0078,CSE_010,TELECOM_ASSET_78,SCADA_SYSTEM,TIER-3,Communication Infrastructure,True
ASSET_0079,CSE_010,TELECOM_ASSET_79,CLOUD_SERVICE,TIER-2,Customer Services,False
ASSET_0080,CSE_010,TELECOM_ASSET_80,SCADA_SYSTEM,TIER-1,Customer Services,True
ASSET_0081,CSE_011,BANKING_ASSET_81,FIREWALL,TIER-1,Transaction Processing,True
ASSET_0082,CSE_011,BANKING_ASSET_82,SERVER,TIER-0,Transaction Processing,False
ASSET_0083,CSE_011,BANKING_ASSET_83,SERVER,TIER-2,Core Banking,False
ASSET_0084,CSE_011,BANKING_ASSET_84,ENDPOINT,TIER-2,Core Banking,True
ASSET_0085,CSE_011,BANKING_ASSET_85,PLC_CONTROLLER,TIER-3,Payment Gateway,True
ASSET_0086,CSE_011,BANKING_ASSET_86,APPLICATION,TIER-2,Payment Gateway,False
ASSET_0087,CSE_011,BANKING_ASSET_87,SERVER,TIER-2,Core Banking,True
ASSET_0088,CSE_011,BANKING_ASSET_88,CLOUD_SERVICE,TIER-3,Transaction Processing,False
ASSET_0089,CSE_012,TELECOM_ASSET_89,PLC_CONTROLLER,TIER-1,Communication Infrastructure,False
ASSET_0090,CSE_012,TELECOM_ASSET_90,FIREWALL,TIER-0,Network Management,True
ASSET_0091,CSE_012,TELECOM_ASSET_91,PLC_CONTROLLER,TIER-3,Communication Infrastructure,False
ASSET_0092,CSE_012,TELECOM_ASSET_92,ENDPOINT,TIER-2,Customer Services,False
ASSET_0093,CSE_012,TELECOM_ASSET_93,DATABASE,TIER-1,Communication Infrastructure,False
ASSET_0094,CSE_012,TELECOM_ASSET_94,FIREWALL,TIER-1,Customer Services,False
ASSET_0095,CSE_012,TELECOM_ASSET_95,PLC_CONTROLLER,TIER-2,Communication Infrastructure,True
ASSET_0096,CSE_012,TELECOM_ASSET_96,FIREWALL,TIER-2,Communication Infrastructure,False
ASSET_0097,CSE_012,TELECOM_ASSET_97,SERVER,TIER-1,Communication Infrastructure,True
ASSET_0098,CSE_012,TELECOM_ASSET_98,SCADA_SYSTEM,TIER-2,Communication Infrastructure,False
ASSET_0099,CSE_013,TELECOM_ASSET_99,SCADA_SYSTEM,TIER-3,Customer Services,False
ASSET_0100,CSE_013,TELECOM_ASSET_100,SERVER,TIER-1,Communication Infrastructure,False
ASSET_0101,CSE_013,TELECOM_ASSET_101,FIREWALL,TIER-1,Communication Infrastructure,True
ASSET_0102,CSE_013,TELECOM_ASSET_102,DATABASE,TIER-1,Customer Services,False
ASSET_0103,CSE_013,TELECOM_ASSET_103,FIREWALL,TIER-3,Customer Services,True
ASSET_0104,CSE_013,TELECOM_ASSET_104,DATABASE,TIER-2,Network Management,False
ASSET_0105,CSE_013,TELECOM_ASSET_105,FIREWALL,TIER-1,Customer Services,True
ASSET_0106,CSE_014,TRANSPORT_ASSET_106,SERVER,TIER-2,Ticketing System,False
ASSET_0107,CSE_014,TRANSPORT_ASSET_107,APPLICATION,TIER-3,Fleet Operations,True
ASSET_0108,CSE_014,TRANSPORT_ASSET_108,ENDPOINT,TIER-3,Fleet Operations,False
ASSET_0109,CSE_014,TRANSPORT_ASSET_109,CLOUD_SERVICE,TIER-2,Ticketing System,True
ASSET_0110,CSE_014,TRANSPORT_ASSET_110,SERVER,TIER-3,Fleet Operations,True
ASSET_0111,CSE_014,TRANSPORT_ASSET_111,FIREWALL,TIER-1,Ticketing System,False
ASSET_0112,CSE_014,TRANSPORT_ASSET_112,SCADA_SYSTEM,TIER-3,Ticketing System,False
ASSET_0113,CSE_014,TRANSPORT_ASSET_113,ENDPOINT,TIER-2,Traffic Management,True
ASSET_0114,CSE_014,TRANSPORT_ASSET_114,PLC_CONTROLLER,TIER-2,Ticketing System,True
ASSET_0115,CSE_014,TRANSPORT_ASSET_115,DATABASE,TIER-0,Traffic Management,False
ASSET_0116,CSE_014,TRANSPORT_ASSET_116,PLC_CONTROLLER,TIER-0,Ticketing System,False
ASSET_0117,CSE_014,TRANSPORT_ASSET_117,SERVER,TIER-2,Traffic Management,False
ASSET_0118,CSE_014,TRANSPORT_ASSET_118,PLC_CONTROLLER,TIER-2,Fleet Operations,False
ASSET_0119,CSE_015,TELECOM_ASSET_119,DATABASE,TIER-2,Communication Infrastructure,True
ASSET_0120,CSE_015,TELECOM_ASSET_120,CLOUD_SERVICE,TIER-3,Customer Services,True
ASSET_0121,CSE_015,TELECOM_ASSET_121,ENDPOINT,TIER-0,Customer Services,False
ASSET_0122,CSE_015,TELECOM_ASSET_122,PLC_CONTROLLER,TIER-2,Customer Services,False
ASSET_0123,CSE_015,TELECOM_ASSET_123,DATABASE,TIER-0,Network Management,False
ASSET_0124,CSE_015,TELECOM_ASSET_124,ENDPOINT,TIER-3,Network Management,True
ASSET_0125,CSE_015,TELECOM_ASSET_125,DATABASE,TIER-1,Customer Services,True
ASSET_0126,CSE_015,TELECOM_ASSET_126,ENDPOINT,TIER-1,Customer Services,True
ASSET_0127,CSE_015,TELECOM_ASSET_127,SCADA_SYSTEM,TIER-3,Customer Services,False
ASSET_0128,CSE_015,TELECOM_ASSET_128,DATABASE,TIER-3,Communication Infrastructure,False
ASSET_0129,CSE_015,TELECOM_ASSET_129,FIREWALL,TIER-1,Network Management,True
ASSET_0130,CSE_015,TELECOM_ASSET_130,APPLICATION,TIER-3,Customer Services,True
ASSET_0131,CSE_015,TELECOM_ASSET_131,DATABASE,TIER-2,Network Management,False
ASSET_0132,CSE_015,TELECOM_ASSET_132,CLOUD_SERVICE,TIER-3,Communication Infrastructure,True
ASSET_0133,CSE_015,TELECOM_ASSET_133,DATABASE,TIER-2,Communication Infrastructure,False
ASSET_0134,CSE_016,HEALTHCARE_ASSET_134,CLOUD_SERVICE,TIER-0,Medical Systems,True
ASSET_0135,CSE_016,HEALTHCARE_ASSET_135,CLOUD_SERVICE,TIER-2,Medical Systems,True
ASSET_0136,CSE_016,HEALTHCARE_ASSET_136,PLC_CONTROLLER,TIER-1,Hospital Operations,True
ASSET_0137,CSE_016,HEALTHCARE_ASSET_137,PLC_CONTROLLER,TIER-3,Patient Records,False
ASSET_0138,CSE_016,HEALTHCARE_ASSET_138,PLC_CONTROLLER,TIER-2,Hospital Operations,False
ASSET_0139,CSE_016,HEALTHCARE_ASSET_139,APPLICATION,TIER-0,Patient Records,False
ASSET_0140,CSE_017,HEALTHCARE_ASSET_140,DATABASE,TIER-1,Patient Records,False
ASSET_0141,CSE_017,HEALTHCARE_ASSET_141,ENDPOINT,TIER-3,Hospital Operations,True
ASSET_0142,CSE_017,HEALTHCARE_ASSET_142,DATABASE,TIER-1,Patient Records,False
ASSET_0143,CSE_017,HEALTHCARE_ASSET_143,DATABASE,TIER-2,Patient Records,False
ASSET_0144,CSE_017,HEALTHCARE_ASSET_144,FIREWALL,TIER-1,Patient Records,True
ASSET_0145,CSE_018,ENERGY_ASSET_145,FIREWALL,TIER-0,Grid Distribution,True
ASSET_0146,CSE_018,ENERGY_ASSET_146,PLC_CONTROLLER,TIER-1,Power Generation,True
ASSET_0147,CSE_018,ENERGY_ASSET_147,PLC_CONTROLLER,TIER-2,Power Generation,True
ASSET_0148,CSE_018,ENERGY_ASSET_148,CLOUD_SERVICE,TIER-2,Grid Distribution,True
ASSET_0149,CSE_018,ENERGY_ASSET_149,APPLICATION,TIER-3,Power Generation,False
ASSET_0150,CSE_018,ENERGY_ASSET_150,ENDPOINT,TIER-0,Power Generation,False
ASSET_0151,CSE_018,ENERGY_ASSET_151,SERVER,TIER-2,SCADA Monitoring,False
ASSET_0152,CSE_018,ENERGY_ASSET_152,PLC_CONTROLLER,TIER-2,Power Generation,True
ASSET_0153,CSE_019,TRANSPORT_ASSET_153,PLC_CONTROLLER,TIER-0,Ticketing System,True
ASSET_0154,CSE_019,TRANSPORT_ASSET_154,PLC_CONTROLLER,TIER-0,Traffic Management,False
ASSET_0155,CSE_019,TRANSPORT_ASSET_155,SERVER,TIER-0,Fleet Operations,False
ASSET_0156,CSE_019,TRANSPORT_ASSET_156,FIREWALL,TIER-0,Traffic Management,True
ASSET_0157,CSE_019,TRANSPORT_ASSET_157,FIREWALL,TIER-2,Fleet Operations,False
ASSET_0158,CSE_020,TRANSPORT_ASSET_158,CLOUD_SERVICE,TIER-3,Ticketing System,False
ASSET_0159,CSE_020,TRANSPORT_ASSET_159,SCADA_SYSTEM,TIER-1,Traffic Management,False
ASSET_0160,CSE_020,TRANSPORT_ASSET_160,PLC_CONTROLLER,TIER-1,Traffic Management,True
ASSET_0161,CSE_020,TRANSPORT_ASSET_161,PLC_CONTROLLER,TIER-2,Fleet Operations,False
ASSET_0162,CSE_020,TRANSPORT_ASSET_162,ENDPOINT,TIER-2,Traffic Management,False
ASSET_0163,CSE_020,TRANSPORT_ASSET_163,SERVER,TIER-2,Ticketing System,False
