cse_id,organisation_name,sector,criticality,reported_maturity,actual_maturity,soc_profile
CSE_001,BANKING_ORG_1,BANKING,MEDIUM,4.4,3.7,VENDOR_DEPENDENT
CSE_002,GOVERNMENT_ORG_2,GOVERNMENT,HIGH,4.3,4.3,NORMAL
CSE_003,BANKING_ORG_3,BANKING,NATIONAL,4.3,2.6,OVERLOADED
CSE_004,TRANSPORT_ORG_4,TRANSPORT,MEDIUM,3.9,3.2,VENDOR_DEPENDENT
CSE_005,ENERGY_ORG_5,ENERGY,NATIONAL,3.9,3.3,OVERLOADED
CSE_006,HEALTHCARE_ORG_6,HEALTHCARE,HIGH,4.4,2.6,OVERLOADED
CSE_007,TELECOM_ORG_7,TELECOM,MEDIUM,3.8,3.6,NORMAL
CSE_008,TRANSPORT_ORG_8,TRANSPORT,NATIONAL,4.7,4.6,NORMAL
CSE_009,TRANSPORT_ORG_9,TRANSPORT,NATIONAL,3.8,2.9,OVERLOADED
CSE_010,TELECOM_ORG_10,TELECOM,MEDIUM,4.8,4.9,MATURE
CSE_011,BANKING_ORG_11,BANKING,NATIONAL,4.6,2.6,VENDOR_DEPENDENT
CSE_012,TELECOM_ORG_12,TELECOM,MEDIUM,4.5,4.5,NORMAL
CSE_013,TELECOM_ORG_13,TELECOM,HIGH,3.8,3.7,MATURE
CSE_014,TRANSPORT_ORG_14,TRANSPORT,MEDIUM,4.5,3.3,VENDOR_DEPENDENT
CSE_015,TELECOM_ORG_15,TELECOM,MEDIUM,3.9,3.8,NORMAL
CSE_016,HEALTHCARE_ORG_16,HEALTHCARE,MEDIUM,3.9,3.3,OVERLOADED
CSE_017,HEALTHCARE_ORG_17,HEALTHCARE,MEDIUM,4.6,4.5,MATURE
CSE_018,ENERGY_ORG_18,ENERGY,NATIONAL,3.5,3.5,NORMAL
CSE_019,TRANSPORT_ORG_19,TRANSPORT,MEDIUM,3.7,2.3,VENDOR_DEPENDENT
CSE_020,TRANSPORT_ORG_20,TRANSPORT,NATIONAL,3.9,4.1,MATURE
