alert_id,cse_id,asset_id,severity_score,asset_criticality_score,response_time_minutes,fast_closure,sla_breach,evidence_count,missing_evidence,missing_root_cause,missing_remediation,missing_escalation,investigation_quality,low_investigation_quality,investigation_time_minutes,short_investigation,note_similarity,template_investigation,anomaly_prediction,anomaly_score
ALERT_00001,CSE_003,ASSET_0028,1,3,94,0,False,0,1,0,0,0,3,0,216,0,0.59,0,1,0.015786304771313375
ALERT_00002,CSE_002,ASSET_0019,1,2,5,0,False,3,0,1,1,0,3,0,185,0,0.68,0,1,0.06397978319806502
ALERT_00003,CSE_006,ASSET_0056,1,2,134,0,False,3,0,1,0,0,4,0,153,0,0.41,0,1,0.05356895849867438
ALERT_00004,CSE_002,ASSET_0015,2,2,5,0,False,5,0,0,0,0,5,0,107,0,0.49,0,1,0.07116395697353584
ALERT_00005,CSE_006,ASSET_0054,2,1,241,0,True,1,0,0,1,0,2,1,80,0,0.57,0,1,0.06296075371482329
ALERT_00006,CSE_005,ASSET_0041,2,1,306,0,True,5,0,0,0,0,5,0,46,0,0.56,0,1,0.07723467845452803
ALERT_00007,CSE_005,ASSET_0038,1,1,429,0,True,1,0,1,1,0,0,1,3,1,0.69,0,-1,-0.011175784763273633
ALERT_00008,CSE_008,ASSET_0064,1,1,87,0,False,3,0,1,0,0,3,0,8,1,0.53,0,1,0.0010080565698687982
ALERT_00009,CSE_013,ASSET_0100,3,3,4,1,False,3,0,0,0,0,5,0,291,0,0.18,0,-1,-0.06359146531684168
ALERT_00010,CSE_003,ASSET_0030,1,4,380,0,True,0,1,0,1,0,2,1,168,0,0.8,0,1,0.02166203906817965
ALERT_00011,CSE_012,ASSET_0093,2,3,284,0,True,0,1,0,1,0,2,1,167,0,0.53,0,1,0.06538515685857393
ALERT_00012,CSE_005,ASSET_0047,1,1,8,0,False,1,0,0,1,0,2,1,57,0,0.51,0,1,0.04247071972363581
ALERT_00013,CSE_002,ASSET_0016,2,1,9,0,False,0,1,0,0,0,3,0,296,0,0.57,0,-1,-0.013780408522957699
ALERT_00014,CSE_020,ASSET_0159,2,3,475,0,True,6,0,0,1,0,4,0,101,0,0.21,0,1,0.04771032779080936
ALERT_00015,CSE_018,ASSET_0147,4,2,383,0,True,6,0,0,0,0,5,0,77,0,0.55,0,1,0.05244000400664772
ALERT_00016,CSE_009,ASSET_0069,1,2,573,0,True,1,0,0,0,0,3,0,249,0,0.57,0,1,0.06217805133867388
ALERT_00017,CSE_007,ASSET_0059,1,2,2,0,False,4,0,1,0,0,3,0,3,1,0.43,0,1,0.010534389354762475
ALERT_00018,CSE_016,ASSET_0136,3,3,586,0,True,5,0,1,0,0,4,0,202,0,0.74,0,1,0.05691214303385295
ALERT_00019,CSE_001,ASSET_0013,2,3,284,0,True,1,0,1,0,0,1,1,1,1,0.62,0,1,0.005194082545321055
ALERT_00020,CSE_014,ASSET_0113,3,2,9,1,False,5,0,0,1,0,4,0,81,0,0.53,0,-1,-0.012879864468110847
ALERT_00021,CSE_005,ASSET_0040,4,2,291,0,True,6,0,1,1,1,3,0,227,0,0.57,0,-1,-0.054256930042456575
ALERT_00022,CSE_001,ASSET_0003,1,3,462,0,True,3,0,1,1,0,2,1,3,1,0.48,0,1,0.008762255224039284
ALERT_00023,CSE_009,ASSET_0073,1,2,451,0,True,3,0,1,0,0,4,0,182,0,0.79,0,1,0.06892885652015524
ALERT_00024,CSE_005,ASSET_0040,3,2,393,0,True,0,1,1,1,0,1,1,82,0,0.48,0,1,0.05281437834682284
ALERT_00025,CSE_016,ASSET_0137,3,1,306,0,True,1,0,0,0,0,3,0,78,0,0.41,0,1,0.06658853479130084
ALERT_00026,CSE_012,ASSET_0091,1,1,401,0,True,4,0,1,0,0,3,0,8,1,0.48,0,1,0.008933429029528206
ALERT_00027,CSE_001,ASSET_0010,2,2,5,0,False,5,0,1,0,0,3,0,1,1,0.66,0,1,0.01558728355933836
ALERT_00028,CSE_013,ASSET_0105,1,3,139,0,False,6,0,0,0,0,5,0,123,0,0.12,0,1,0.01652391068580117
ALERT_00029,CSE_015,ASSET_0125,3,3,8,1,False,6,0,0,1,0,3,0,4,1,0.51,0,-1,-0.06358751856400957
ALERT_00030,CSE_004,ASSET_0035,4,3,497,0,True,4,0,1,1,1,3,0,292,0,0.74,0,-1,-0.06920783553453347
ALERT_00031,CSE_015,ASSET_0128,2,1,357,0,True,3,0,1,0,0,4,0,249,0,0.71,0,1,0.06703134398886473
ALERT_00032,CSE_012,ASSET_0091,3,1,9,1,False,4,0,1,0,0,4,0,180,0,0.6,0,-1,-0.044157502263497905
ALERT_00033,CSE_001,ASSET_0013,4,3,313,0,True,4,0,1,1,0,3,0,137,0,0.75,0,1,0.044408983664515955
ALERT_00034,CSE_008,ASSET_0068,2,1,1,0,False,0,1,0,0,0,2,1,1,1,0.74,0,-1,-0.037557382186145016
ALERT_00035,CSE_019,ASSET_0157,4,2,157,0,True,5,0,1,0,0,3,0,1,1,0.76,0,-1,-0.006993306871624361
ALERT_00036,CSE_004,ASSET_0033,1,3,80,0,False,1,0,1,1,0,0,1,9,1,0.41,0,1,0.007722926647174111
ALERT_00037,CSE_001,ASSET_0006,3,3,7,1,False,5,0,0,1,0,3,0,5,1,0.7,0,-1,-0.04470528658922068
ALERT_00038,CSE_001,ASSET_0014,2,2,3,0,False,5,0,1,1,0,3,0,35,0,0.71,0,1,0.05990905444595107
ALERT_00039,CSE_001,ASSET_0013,4,3,312,0,True,1,0,1,1,0,1,1,62,0,0.41,0,1,0.02454805673498206
ALERT_00040,CSE_016,ASSET_0137,3,1,360,0,True,3,0,0,0,0,5,0,244,0,0.73,0,1,0.050271011792337505
ALERT_00041,CSE_015,ASSET_0126,1,3,10,0,False,6,0,0,1,0,4,0,77,0,0.62,0,1,0.050593488941367615
ALERT_00042,CSE_005,ASSET_0042,2,4,228,0,True,3,0,0,1,0,4,0,95,0,0.6,0,1,0.06929875279471637
ALERT_00043,CSE_001,ASSET_0007,1,4,258,0,True,1,0,1,1,0,1,1,65,0,0.48,0,1,0.05135489979186941
ALERT_00044,CSE_010,ASSET_0080,3,3,521,0,True,0,1,0,0,0,3,0,246,0,0.13,0,-1,-0.021899135695605865
ALERT_00045,CSE_015,ASSET_0121,1,4,501,0,True,3,0,1,0,0,4,0,137,0,0.41,0,1,0.03981744227733386
ALERT_00046,CSE_012,ASSET_0092,1,2,411,0,True,4,0,0,1,0,4,0,231,0,0.78,0,1,0.071706937498211
ALERT_00047,CSE_007,ASSET_0060,1,2,186,0,False,1,0,0,1,0,1,1,8,1,0.66,0,1,0.015116123986704033
ALERT_00048,CSE_005,ASSET_0037,1,3,251,0,True,0,1,0,1,0,1,1,9,1,0.72,0,1,0.005386779088783822
ALERT_00049,CSE_019,ASSET_0156,3,4,92,0,True,0,1,1,0,0,2,1,223,0,0.72,0,1,0.0035709650665022297
ALERT_00050,CSE_018,ASSET_0145,1,4,8,0,False,3,0,0,1,0,3,0,5,1,0.77,0,-1,-0.003351615053085899
ALERT_00051,CSE_008,ASSET_0064,1,1,4,0,False,0,1,0,1,0,2,1,206,0,0.55,0,1,0.024217128275326738
ALERT_00052,CSE_002,ASSET_0017,1,2,512,0,True,4,0,0,0,0,5,0,52,0,0.47,0,1,0.08264528089166917
ALERT_00053,CSE_015,ASSET_0122,2,2,533,0,True,0,1,1,1,0,0,1,4,1,0.55,0,-1,-0.002153838585053802
ALERT_00054,CSE_014,ASSET_0114,2,2,10,0,False,1,0,0,1,0,2,1,189,0,0.51,0,1,0.06430769230167799
ALERT_00055,CSE_001,ASSET_0007,1,4,10,0,False,5,0,1,1,0,3,0,299,0,0.71,0,1,0.01077911661277886
ALERT_00056,CSE_012,ASSET_0096,3,2,313,0,True,5,0,0,0,0,5,0,191,0,0.6,0,1,0.09603832503263188
ALERT_00057,CSE_006,ASSET_0055,2,2,207,0,True,5,0,1,1,0,3,0,82,0,0.61,0,1,0.09914995724818493
ALERT_00058,CSE_005,ASSET_0039,1,1,1,0,False,0,1,1,0,0,1,1,3,1,0.49,0,-1,-0.04230149536443295
ALERT_00059,CSE_001,ASSET_0010,2,2,431,0,True,1,0,1,1,0,1,1,296,0,0.54,0,1,0.03138827656268017
ALERT_00060,CSE_015,ASSET_0122,1,2,3,0,False,6,0,0,1,0,4,0,230,0,0.5,0,1,0.0456726509705736
ALERT_00061,CSE_020,ASSET_0160,2,3,504,0,True,6,0,0,0,0,5,0,51,0,0.16,0,1,0.04785283118785705
ALERT_00062,CSE_016,ASSET_0134,2,4,39,0,False,3,0,1,1,0,3,0,166,0,0.72,0,1,0.044347986882046886
ALERT_00063,CSE_014,ASSET_0116,1,4,517,0,True,4,0,1,1,0,3,0,172,0,0.79,0,1,0.035765781832703625
ALERT_00064,CSE_014,ASSET_0118,3,2,6,1,False,6,0,0,0,0,5,0,123,0,0.68,0,-1,-0.017448151915476662
ALERT_00065,CSE_003,ASSET_0026,2,1,194,0,True,4,0,1,0,0,4,0,86,0,0.6,0,1,0.07593943783678947
ALERT_00066,CSE_004,ASSET_0033,2,3,10,0,False,4,0,1,1,0,2,1,4,1,0.52,0,1,0.008376402210023226
ALERT_00067,CSE_012,ASSET_0098,4,2,508,0,True,6,0,1,0,0,3,0,9,1,0.58,0,-1,-0.023512181347949412
ALERT_00068,CSE_001,ASSET_0010,3,2,500,0,True,0,1,0,1,0,1,1,4,1,0.67,0,1,0.013325071681461464
ALERT_00069,CSE_003,ASSET_0020,2,2,599,0,True,0,1,0,0,0,3,0,66,0,0.67,0,1,0.02808431211321527
ALERT_00070,CSE_018,ASSET_0145,2,4,7,0,False,1,0,0,1,0,1,1,3,1,0.64,0,1,0.005982987784453275
ALERT_00071,CSE_010,ASSET_0077,3,2,220,0,True,5,0,0,0,0,5,0,299,0,0.32,0,1,0.051325083157682694
ALERT_00072,CSE_001,ASSET_0011,2,1,121,0,True,5,0,1,1,0,3,0,153,0,0.61,0,1,0.06910396386392237
ALERT_00073,CSE_019,ASSET_0153,3,4,514,0,True,1,0,0,0,0,3,0,46,0,0.78,0,1,0.037672284417180846
ALERT_00074,CSE_013,ASSET_0100,2,3,166,0,True,3,0,0,0,0,5,0,127,0,0.17,0,1,0.06228867943057703
ALERT_00075,CSE_014,ASSET_0113,1,2,2,0,False,0,1,0,1,0,2,1,262,0,0.62,0,1,0.04369658358398809
ALERT_00076,CSE_005,ASSET_0047,4,1,152,0,True,4,0,0,1,1,4,0,261,0,0.61,0,-1,-0.049421076210134696
ALERT_00077,CSE_009,ASSET_0071,1,3,270,0,True,0,1,1,1,0,1,1,297,0,0.5,0,1,0.017542243471054486
ALERT_00078,CSE_020,ASSET_0163,1,2,319,0,True,6,0,0,0,0,5,0,256,0,0.31,0,1,0.06540251973537342
ALERT_00079,CSE_012,ASSET_0098,2,2,404,0,True,5,0,1,0,0,4,0,293,0,0.74,0,1,0.06370138301318001
ALERT_00080,CSE_004,ASSET_0035,2,3,297,0,True,6,0,0,1,0,4,0,165,0,0.54,0,1,0.08602932636573085
ALERT_00081,CSE_017,ASSET_0140,2,3,525,0,True,4,0,0,0,0,5,0,263,0,0.39,0,1,0.07331369138408239
ALERT_00082,CSE_005,ASSET_0045,1,2,7,0,False,4,0,1,1,0,3,0,179,0,0.74,0,1,0.06230609201243842
ALERT_00083,CSE_007,ASSET_0062,1,1,371,0,True,0,1,1,0,0,2,1,281,0,0.61,0,-1,-0.0029896845936904226
ALERT_00084,CSE_018,ASSET_0152,1,2,282,0,True,0,1,0,0,0,3,0,278,0,0.53,0,1,0.02641742867815322
ALERT_00085,CSE_001,ASSET_0007,2,4,327,0,True,1,0,0,0,0,3,0,259,0,0.73,0,1,0.052881533813799064
ALERT_00086,CSE_020,ASSET_0163,2,2,535,0,True,5,0,0,0,0,5,0,142,0,0.1,0,1,0.054140586199446394
ALERT_00087,CSE_005,ASSET_0039,4,1,549,0,True,0,1,0,1,0,2,1,180,0,0.72,0,1,0.008350341048555032
ALERT_00088,CSE_018,ASSET_0150,2,4,121,0,True,0,1,0,1,0,2,1,269,0,0.44,0,1,0.01786874126488336
ALERT_00089,CSE_001,ASSET_0013,3,3,323,0,True,3,0,0,1,0,4,0,113,0,0.77,0,1,0.07549284986183669
ALERT_00090,CSE_016,ASSET_0138,1,2,595,0,True,0,1,1,1,0,1,1,133,0,0.58,0,1,0.04323066619141891
ALERT_00091,CSE_019,ASSET_0154,2,4,287,0,True,1,0,1,0,0,2,1,188,0,0.74,0,1,0.046858121235444194
ALERT_00092,CSE_005,ASSET_0037,3,3,574,0,True,5,0,0,1,0,4,0,155,0,0.69,0,1,0.06521953762445076
ALERT_00093,CSE_014,ASSET_0117,2,2,490,0,True,1,0,0,0,0,3,0,198,0,0.61,0,1,0.09383544821571982
ALERT_00094,CSE_016,ASSET_0139,1,4,473,0,True,1,0,1,1,0,1,1,146,0,0.45,0,1,0.024716839456546236
ALERT_00095,CSE_014,ASSET_0113,3,2,64,0,True,4,0,1,1,0,2,1,10,0,0.6,0,1,0.03565326426171178
ALERT_00096,CSE_001,ASSET_0001,1,2,220,0,False,0,1,1,0,0,2,1,260,0,0.8,0,-1,-0.01921196503073208
ALERT_00097,CSE_011,ASSET_0083,3,2,190,0,True,1,0,1,0,0,2,1,181,0,0.77,0,1,0.0517621620860127
ALERT_00098,CSE_006,ASSET_0055,2,2,127,0,True,1,0,0,0,0,3,0,93,0,0.76,0,1,0.08754870573700285
ALERT_00099,CSE_005,ASSET_0046,2,4,207,0,True,0,1,0,0,0,3,0,238,0,0.72,0,1,0.017638225800797658
ALERT_00100,CSE_015,ASSET_0133,1,2,540,0,True,0,1,0,1,0,2,1,220,0,0.78,0,1,0.04397982164770686
ALERT_00101,CSE_014,ASSET_0114,1,2,5,0,False,1,0,0,1,0,2,1,275,0,0.7,0,1,0.05227250203183359
ALERT_00102,CSE_015,ASSET_0126,2,3,466,0,True,0,1,0,0,0,3,0,276,0,0.45,0,1,0.029609726722473972
ALERT_00103,CSE_014,ASSET_0110,1,1,557,0,True,6,0,1,1,0,3,0,69,0,0.54,0,1,0.03371053461726159
ALERT_00104,CSE_011,ASSET_0086,4,2,132,0,True,3,0,1,1,1,2,1,2,1,0.61,0,-1,-0.08187912320726898
ALERT_00105,CSE_001,ASSET_0005,1,3,3,0,False,0,1,1,1,0,1,1,131,0,0.61,0,1,0.03828836495254817
ALERT_00106,CSE_003,ASSET_0029,3,2,1,1,False,5,0,0,1,0,4,0,290,0,0.66,0,-1,-0.03923655411010507
ALERT_00107,CSE_004,ASSET_0031,1,2,56,0,False,3,0,0,1,0,4,0,298,0,0.64,0,1,0.04838254428387495
ALERT_00108,CSE_001,ASSET_0008,1,3,3,0,False,0,1,0,1,0,2,1,82,0,0.75,0,1,0.03454760822588987
ALERT_00109,CSE_012,ASSET_0096,2,2,296,0,True,0,1,1,1,0,1,1,215,0,0.8,0,1,0.04426322678470351
ALERT_00110,CSE_017,ASSET_0142,2,3,268,0,True,6,0,0,0,0,5,0,198,0,0.19,0,1,0.06531285052744956
ALERT_00111,CSE_015,ASSET_0132,2,1,516,0,True,6,0,0,0,0,4,0,6,1,0.4,0,-1,-0.002747902099391575
ALERT_00112,CSE_016,ASSET_0137,3,1,231,0,True,0,1,1,0,0,2,1,299,0,0.55,0,-1,-0.006334689843749741
ALERT_00113,CSE_003,ASSET_0020,2,2,473,0,True,0,1,0,1,0,1,1,10,0,0.42,0,1,0.03700886948808868
ALERT_00114,CSE_014,ASSET_0114,1,2,421,0,True,0,1,1,1,0,0,1,3,1,0.6,0,1,0.005554975073192692
ALERT_00115,CSE_014,ASSET_0114,1,2,228,0,False,4,0,0,1,0,3,0,10,0,0.63,0,1,0.049491183772458536
ALERT_00116,CSE_014,ASSET_0107,1,1,514,0,True,0,1,0,1,0,2,1,88,0,0.67,0,1,0.03196332320778705
ALERT_00117,CSE_008,ASSET_0063,3,2,535,0,True,0,1,0,1,0,2,1,281,0,0.79,0,1,0.02516885990711959
ALERT_00118,CSE_002,ASSET_0016,2,1,2,0,False,5,0,1,1,0,3,0,112,0,0.72,0,1,0.03647711484443139
ALERT_00119,CSE_015,ASSET_0119,2,2,45,0,False,3,0,0,0,0,5,0,112,0,0.8,0,1,0.06373241780028238
ALERT_00120,CSE_019,ASSET_0156,1,4,449,0,True,0,1,0,0,0,3,0,201,0,0.54,0,1,0.0203563265473079
ALERT_00121,CSE_016,ASSET_0135,1,2,446,0,True,0,1,0,1,0,2,1,96,0,0.75,0,1,0.054401411868579275
ALERT_00122,CSE_003,ASSET_0022,1,2,180,0,False,3,0,0,1,0,4,0,241,0,0.41,0,1,0.055523129135530036
ALERT_00123,CSE_014,ASSET_0116,3,4,163,0,True,1,0,1,1,0,1,1,157,0,0.51,0,1,0.045860929982696086
ALERT_00124,CSE_019,ASSET_0157,1,2,422,0,True,0,1,0,1,0,1,1,6,1,0.66,0,1,0.029091832112153493
ALERT_00125,CSE_007,ASSET_0058,1,4,42,0,False,0,1,1,0,0,2,1,88,0,0.72,0,-1,-0.013380325932822679
ALERT_00126,CSE_017,ASSET_0140,2,3,498,0,True,3,0,0,0,0,5,0,67,0,0.38,0,1,0.08271883771000588
ALERT_00127,CSE_006,ASSET_0052,3,2,39,0,False,0,1,0,1,0,1,1,4,1,0.45,0,-1,-0.006110909370696804
ALERT_00128,CSE_005,ASSET_0037,1,3,1,0,False,1,0,0,1,0,2,1,87,0,0.68,0,1,0.06350108419960299
ALERT_00129,CSE_011,ASSET_0083,3,2,553,0,True,0,1,1,0,0,1,1,4,1,0.66,0,-1,-0.02113167879468425
ALERT_00130,CSE_010,ASSET_0080,3,3,52,0,False,0,1,0,0,0,3,0,31,0,0.38,0,-1,-0.01545120506371822
ALERT_00131,CSE_003,ASSET_0029,1,2,5,0,False,0,1,1,1,0,1,1,167,0,0.5,0,1,0.043609643305388524
ALERT_00132,CSE_014,ASSET_0113,1,2,538,0,True,0,1,1,1,0,1,1,269,0,0.5,0,1,0.026737893976440996
ALERT_00133,CSE_020,ASSET_0158,1,1,529,0,True,4,0,0,1,0,4,0,155,0,0.34,0,1,0.04299435143557895
ALERT_00134,CSE_015,ASSET_0132,4,1,520,0,True,5,0,1,0,0,4,0,219,0,0.79,0,1,0.019672893850603446
ALERT_00135,CSE_002,ASSET_0018,2,1,4,0,False,3,0,0,0,0,5,0,203,0,0.75,0,1,0.034604932841515446
ALERT_00136,CSE_014,ASSET_0116,2,4,110,0,False,1,0,1,0,0,1,1,8,1,0.75,0,-1,-0.011137266821776293
ALERT_00137,CSE_014,ASSET_0112,2,1,368,0,True,0,1,0,1,0,1,1,1,1,0.43,0,1,0.007366564909078832
ALERT_00138,CSE_003,ASSET_0027,1,4,55,0,False,5,0,1,0,0,3,0,8,1,0.74,0,-1,-0.008704896334247203
ALERT_00139,CSE_017,ASSET_0144,2,3,467,0,True,4,0,0,0,0,5,0,107,0,0.28,0,1,0.0848475253889408
ALERT_00140,CSE_010,ASSET_0076,2,2,277,0,True,1,0,0,0,0,3,0,130,0,0.32,0,1,0.08389463928938512
ALERT_00141,CSE_006,ASSET_0054,3,1,170,0,True,1,0,1,0,0,2,1,117,0,0.43,0,1,0.041491246144302774
ALERT_00142,CSE_003,ASSET_0020,2,2,586,0,True,0,1,1,1,0,1,1,162,0,0.47,0,1,0.04349715347687333
ALERT_00143,CSE_014,ASSET_0112,3,1,37,0,False,3,0,0,0,0,4,0,4,1,0.59,0,-1,-0.008586080828612785
ALERT_00144,CSE_014,ASSET_0110,2,1,10,0,False,1,0,1,0,0,1,1,6,1,0.64,0,1,0.002472529882975194
ALERT_00145,CSE_001,ASSET_0013,3,3,519,0,True,4,0,1,1,0,3,0,194,0,0.57,0,1,0.07206212247774713
ALERT_00146,CSE_008,ASSET_0065,2,3,578,0,True,0,1,0,0,0,3,0,298,0,0.63,0,1,0.008675345764200704
ALERT_00147,CSE_018,ASSET_0146,1,3,387,0,True,3,0,1,0,0,4,0,99,0,0.45,0,1,0.07387344926509654
ALERT_00148,CSE_012,ASSET_0092,1,2,6,0,False,1,0,0,0,0,3,0,106,0,0.74,0,1,0.06070375363595065
ALERT_00149,CSE_013,ASSET_0102,3,3,162,0,True,6,0,1,0,0,4,0,140,0,0.13,0,1,0.0061063360715218895
ALERT_00150,CSE_019,ASSET_0154,2,4,316,0,True,4,0,1,1,0,3,0,225,0,0.73,0,1,0.07384646993990385
ALERT_00151,CSE_002,ASSET_0017,4,2,262,0,True,4,0,1,1,0,2,1,6,1,0.58,0,-1,-0.010291946269932573
ALERT_00152,CSE_003,ASSET_0021,2,2,67,0,False,1,0,0,0,0,3,0,38,0,0.65,0,1,0.06695126711696903
ALERT_00153,CSE_001,ASSET_0010,1,2,269,0,True,1,0,0,1,0,2,1,285,0,0.46,0,1,0.04015303195136555
ALERT_00154,CSE_003,ASSET_0023,2,3,8,0,False,0,1,0,1,0,2,1,132,0,0.71,0,1,0.04649753257859268
ALERT_00155,CSE_015,ASSET_0132,2,1,360,0,True,5,0,1,1,0,2,1,1,1,0.4,0,-1,-0.01611654271544838
ALERT_00156,CSE_003,ASSET_0028,2,3,102,0,False,0,1,1,1,0,1,1,85,0,0.54,0,1,0.04474665811594858
ALERT_00157,CSE_015,ASSET_0122,3,2,103,0,True,5,0,1,0,0,4,0,250,0,0.7,0,1,0.06322543912309897
ALERT_00158,CSE_007,ASSET_0058,1,4,322,0,True,5,0,0,1,0,3,0,5,1,0.76,0,1,0.0021328945058721738
ALERT_00159,CSE_007,ASSET_0061,1,4,5,0,False,1,0,0,1,0,2,1,42,0,0.6,0,1,0.03553368322103778
ALERT_00160,CSE_008,ASSET_0065,2,3,356,0,True,4,0,1,0,0,4,0,115,0,0.62,0,1,0.09628319008548264
ALERT_00161,CSE_004,ASSET_0033,1,3,10,0,False,1,0,1,1,0,1,1,267,0,0.44,0,1,0.034909965400279686
ALERT_00162,CSE_001,ASSET_0011,2,1,347,0,True,0,1,0,1,0,1,1,3,1,0.64,0,1,0.020510607330891273
ALERT_00163,CSE_005,ASSET_0049,2,3,405,0,True,1,0,1,0,0,2,1,197,0,0.56,0,1,0.061702172435714464
ALERT_00164,CSE_018,ASSET_0147,2,2,387,0,True,4,0,1,1,0,3,0,267,0,0.8,0,1,0.06960183244435658
ALERT_00165,CSE_016,ASSET_0135,2,2,6,0,False,0,1,1,1,0,1,1,151,0,0.46,0,1,0.04549517485414767
ALERT_00166,CSE_001,ASSET_0007,3,4,437,0,True,0,1,0,1,0,2,1,145,0,0.52,0,1,0.03194321856466742
ALERT_00167,CSE_015,ASSET_0123,1,4,6,0,False,4,0,1,1,0,3,0,85,0,0.56,0,1,0.0426097784283791
ALERT_00168,CSE_011,ASSET_0083,1,2,439,0,True,0,1,1,1,0,1,1,46,0,0.65,0,1,0.048299503444441616
ALERT_00169,CSE_005,ASSET_0049,4,3,471,0,True,5,0,0,0,0,5,0,80,0,0.62,0,1,0.058766744395826576
ALERT_00170,CSE_001,ASSET_0001,2,2,231,0,True,1,0,1,1,0,1,1,247,0,0.75,0,1,0.05004586770638764
ALERT_00171,CSE_013,ASSET_0099,2,1,400,0,True,1,0,0,0,0,3,0,109,0,0.1,0,1,0.03372426377510507
ALERT_00172,CSE_015,ASSET_0119,2,2,9,0,False,5,0,0,1,0,4,0,58,0,0.55,0,1,0.07530244857106916
ALERT_00173,CSE_015,ASSET_0130,1,1,424,0,True,5,0,0,0,0,5,0,299,0,0.47,0,1,0.042509610447933666
ALERT_00174,CSE_002,ASSET_0015,2,2,334,0,True,1,0,0,0,0,3,0,93,0,0.64,0,1,0.10701207861006395
ALERT_00175,CSE_009,ASSET_0073,3,2,551,0,True,4,0,1,0,0,4,0,243,0,0.55,0,1,0.07169908890168719
ALERT_00176,CSE_004,ASSET_0032,1,2,2,0,False,1,0,1,1,0,1,1,292,0,0.71,0,1,0.036439550779605034
ALERT_00177,CSE_009,ASSET_0074,1,2,246,0,True,3,0,0,1,0,4,0,173,0,0.72,0,1,0.08351608316868947
ALERT_00178,CSE_018,ASSET_0148,2,2,413,0,True,0,1,0,1,0,2,1,192,0,0.67,0,1,0.072282947240982
ALERT_00179,CSE_001,ASSET_0013,2,3,209,0,True,1,0,1,1,0,0,1,10,0,0.55,0,1,0.042329830137633806
ALERT_00180,CSE_009,ASSET_0071,2,3,35,0,False,3,0,0,1,0,4,0,175,0,0.65,0,1,0.07400590394136741
ALERT_00181,CSE_011,ASSET_0086,2,2,418,0,True,4,0,1,1,0,3,0,215,0,0.58,0,1,0.09796477919026003
ALERT_00182,CSE_003,ASSET_0020,2,2,1,0,False,1,0,0,0,0,3,0,49,0,0.57,0,1,0.066273725768636
ALERT_00183,CSE_014,ASSET_0113,2,2,231,0,True,0,1,1,0,0,2,1,221,0,0.43,0,1,0.0306087616469074
ALERT_00184,CSE_012,ASSET_0091,1,1,141,0,False,0,1,0,1,0,1,1,10,0,0.49,0,1,0.0006764579394704651
ALERT_00185,CSE_014,ASSET_0111,1,3,9,0,False,1,0,0,1,0,2,1,130,0,0.69,0,1,0.0592594356859541
ALERT_00186,CSE_005,ASSET_0042,2,4,246,0,True,3,0,1,1,0,2,1,8,1,0.76,0,1,0.001695836227992631
ALERT_00187,CSE_015,ASSET_0129,2,3,372,0,True,6,0,0,1,0,3,0,7,1,0.66,0,1,0.021156315295831618
ALERT_00188,CSE_011,ASSET_0085,3,1,336,0,True,4,0,1,0,0,4,0,161,0,0.66,0,1,0.074954432791281
ALERT_00189,CSE_006,ASSET_0055,1,2,470,0,True,6,0,0,1,0,4,0,120,0,0.61,0,1,0.06974897659395307
ALERT_00190,CSE_014,ASSET_0109,1,2,125,0,False,4,0,0,0,0,4,0,3,1,0.41,0,1,0.01837439562101917
ALERT_00191,CSE_001,ASSET_0002,1,4,9,0,False,1,0,1,1,0,0,1,6,1,0.54,0,1,0.010909824495244136
ALERT_00192,CSE_012,ASSET_0089,2,3,344,0,True,4,0,0,1,0,4,0,66,0,0.72,0,1,0.08855240232500172
ALERT_00193,CSE_007,ASSET_0059,1,2,56,0,False,1,0,1,1,0,1,1,238,0,0.45,0,1,0.04896046921881714
ALERT_00194,CSE_020,ASSET_0163,4,2,352,0,True,5,0,0,0,0,5,0,249,0,0.22,0,1,0.044039092992360196
ALERT_00195,CSE_011,ASSET_0086,3,2,393,0,True,1,0,0,0,0,3,0,62,0,0.47,0,1,0.0862232045442537
ALERT_00196,CSE_018,ASSET_0151,2,2,539,0,True,5,0,0,0,0,5,0,63,0,0.6,0,1,0.09421713008883459
ALERT_00197,CSE_005,ASSET_0039,1,1,56,0,False,4,0,1,1,0,3,0,36,0,0.44,0,1,0.03146775415482628
ALERT_00198,CSE_017,ASSET_0140,3,3,37,0,False,6,0,0,1,0,4,0,271,0,0.4,0,1,0.02540633043019902
ALERT_00199,CSE_002,ASSET_0017,1,2,323,0,True,5,0,0,0,0,5,0,41,0,0.52,0,1,0.0868252412005987
ALERT_00200,CSE_014,ASSET_0107,1,1,7,0,False,3,0,1,0,0,3,0,7,1,0.62,0,1,0.0006460863023400876
ALERT_00201,CSE_012,ASSET_0093,2,3,9,0,False,6,0,1,1,0,3,0,242,0,0.56,0,1,0.03356276024413951
ALERT_00202,CSE_014,ASSET_0110,3,1,9,1,False,0,1,0,0,0,3,0,182,0,0.63,0,-1,-0.06065210338758187
ALERT_00203,CSE_014,ASSET_0111,2,3,253,0,True,3,0,1,1,0,3,0,42,0,0.67,0,1,0.07996979762992723
ALERT_00204,CSE_001,ASSET_0006,1,3,544,0,True,6,0,0,0,0,5,0,58,0,0.62,0,1,0.05589177270559087
ALERT_00205,CSE_003,ASSET_0028,1,3,434,0,True,4,0,0,1,0,4,0,278,0,0.72,0,1,0.05882340787153151
ALERT_00206,CSE_012,ASSET_0093,3,3,74,0,True,0,1,1,0,0,2,1,190,0,0.47,0,1,0.018606564519912716
ALERT_00207,CSE_010,ASSET_0079,2,2,215,0,True,1,0,1,0,0,2,1,142,0,0.29,0,1,0.04689824656549857
ALERT_00208,CSE_018,ASSET_0152,3,2,5,1,False,0,1,0,1,0,2,1,164,0,0.6,0,-1,-0.03700511787963656
ALERT_00209,CSE_007,ASSET_0061,2,4,9,0,False,1,0,1,1,0,1,1,260,0,0.71,0,1,0.027710744122631192
ALERT_00210,CSE_012,ASSET_0090,4,4,78,0,True,1,0,0,1,1,1,1,9,1,0.64,0,-1,-0.1007326791852935
ALERT_00211,CSE_018,ASSET_0152,4,2,80,0,True,0,1,1,1,1,1,1,136,0,0.47,0,-1,-0.06799087070409593
ALERT_00212,CSE_005,ASSET_0039,2,1,95,0,False,4,0,0,1,0,4,0,99,0,0.44,0,1,0.05912074339290441
ALERT_00213,CSE_017,ASSET_0140,2,3,8,0,False,4,0,0,0,0,5,0,106,0,0.11,0,1,0.02098028915638095
ALERT_00214,CSE_002,ASSET_0018,1,1,45,0,False,3,0,1,0,0,4,0,232,0,0.42,0,1,0.02665124628953608
ALERT_00215,CSE_018,ASSET_0148,1,2,1,0,False,4,0,0,1,0,4,0,227,0,0.71,0,1,0.06404655985537822
ALERT_00216,CSE_011,ASSET_0081,1,3,53,0,False,0,1,0,1,0,2,1,123,0,0.58,0,1,0.04576597786822578
ALERT_00217,CSE_004,ASSET_0033,3,3,567,0,True,0,1,0,1,0,2,1,186,0,0.78,0,1,0.03273164855327437
ALERT_00218,CSE_015,ASSET_0126,2,3,373,0,True,1,0,1,1,0,1,1,184,0,0.51,0,1,0.0713836768462856
ALERT_00219,CSE_004,ASSET_0034,2,1,230,0,True,3,0,1,1,0,3,0,117,0,0.73,0,1,0.0666113444311241
ALERT_00220,CSE_020,ASSET_0159,3,3,441,0,True,5,0,0,0,0,5,0,211,0,0.35,0,1,0.07785516866577202
ALERT_00221,CSE_009,ASSET_0074,3,2,450,0,True,6,0,0,0,0,5,0,253,0,0.6,0,1,0.06863429534352239
ALERT_00222,CSE_011,ASSET_0087,2,2,3,0,False,0,1,0,1,0,2,1,150,0,0.74,0,1,0.04891027879950682
ALERT_00223,CSE_011,ASSET_0085,2,1,212,0,True,3,0,0,1,0,4,0,165,0,0.48,0,1,0.08319609249429988
ALERT_00224,CSE_011,ASSET_0082,1,4,316,0,True,0,1,0,1,0,1,1,9,1,0.43,0,-1,-0.011327643690166145
ALERT_00225,CSE_014,ASSET_0111,3,3,223,0,True,6,0,1,1,0,3,0,237,0,0.45,0,1,0.04546288042594182
ALERT_00226,CSE_019,ASSET_0154,3,4,526,0,True,5,0,1,1,0,2,1,7,1,0.65,0,-1,-0.029933080037065074
ALERT_00227,CSE_002,ASSET_0019,3,2,7,1,False,3,0,0,0,0,5,0,191,0,0.72,0,-1,-0.008064009850734744
ALERT_00228,CSE_016,ASSET_0137,2,1,293,0,True,0,1,0,0,0,3,0,164,0,0.72,0,1,0.03296617039192318
ALERT_00229,CSE_010,ASSET_0079,1,2,582,0,True,6,0,0,0,0,5,0,178,0,0.1,0,1,0.027157847052477813
ALERT_00230,CSE_010,ASSET_0076,2,2,503,0,True,3,0,0,0,0,5,0,72,0,0.25,0,1,0.07963309804282392
ALERT_00231,CSE_005,ASSET_0041,1,1,186,0,False,1,0,1,0,0,2,1,223,0,0.6,0,1,0.015384272179769232
ALERT_00232,CSE_008,ASSET_0064,1,1,547,0,True,6,0,1,0,0,4,0,222,0,0.71,0,1,0.03807323772546156
ALERT_00233,CSE_014,ASSET_0110,2,1,2,0,False,6,0,0,1,0,4,0,115,0,0.54,0,1,0.03857112302309529
ALERT_00234,CSE_019,ASSET_0156,3,4,120,0,True,1,0,1,0,0,2,1,299,0,0.54,0,1,0.0016556993040020007
ALERT_00235,CSE_020,ASSET_0158,1,1,592,0,True,4,0,0,0,0,5,0,71,0,0.29,0,1,0.038896370892178345
ALERT_00236,CSE_017,ASSET_0142,4,3,75,0,True,4,0,0,0,1,5,0,39,0,0.29,0,-1,-0.0533647118531545
ALERT_00237,CSE_009,ASSET_0074,1,2,97,0,False,0,1,0,1,0,2,1,179,0,0.62,0,1,0.05620534096274998
ALERT_00238,CSE_015,ASSET_0128,1,1,449,0,True,3,0,1,0,0,4,0,275,0,0.53,0,1,0.05044080014934438
ALERT_00239,CSE_002,ASSET_0015,2,2,89,0,False,1,0,1,1,0,1,1,59,0,0.5,0,1,0.06379916359887322
ALERT_00240,CSE_010,ASSET_0077,3,2,200,0,True,3,0,0,0,0,5,0,172,0,0.25,0,1,0.06785911871825012
ALERT_00241,CSE_017,ASSET_0144,4,3,599,0,True,6,0,0,0,0,5,0,272,0,0.1,0,-1,-0.013950445717332616
ALERT_00242,CSE_008,ASSET_0068,2,1,413,0,True,6,0,1,0,0,4,0,285,0,0.68,0,1,0.03552827658600044
ALERT_00243,CSE_014,ASSET_0113,2,2,503,0,True,0,1,1,1,0,1,1,32,0,0.5,0,1,0.05140673685829694
ALERT_00244,CSE_001,ASSET_0007,2,4,300,0,True,0,1,1,1,0,1,1,135,0,0.48,0,1,0.04214024834431318
ALERT_00245,CSE_001,ASSET_0013,2,3,559,0,True,6,0,1,1,0,3,0,293,0,0.66,0,1,0.03434455430980876
ALERT_00246,CSE_006,ASSET_0054,2,1,160,0,True,6,0,0,1,0,3,0,10,0,0.71,0,1,0.048301602242794894
ALERT_00247,CSE_005,ASSET_0047,3,1,294,0,True,0,1,0,1,0,2,1,166,0,0.8,0,1,0.03647173728471442
ALERT_00248,CSE_014,ASSET_0111,1,3,588,0,True,5,0,1,1,0,2,1,3,1,0.51,0,-1,-0.015379318714752621
ALERT_00249,CSE_010,ASSET_0078,1,1,469,0,True,3,0,0,0,0,5,0,78,0,0.14,0,1,0.03316764062550559
ALERT_00250,CSE_003,ASSET_0024,1,3,175,0,False,6,0,1,0,0,4,0,274,0,0.77,0,1,0.006290712130505138
ALERT_00251,CSE_015,ASSET_0121,2,4,503,0,True,1,0,0,0,0,3,0,239,0,0.8,0,1,0.03867246814068859
ALERT_00252,CSE_012,ASSET_0095,1,2,94,0,False,4,0,0,1,0,3,0,2,1,0.53,0,1,0.025571428430494314
ALERT_00253,CSE_001,ASSET_0001,2,2,328,0,True,6,0,0,1,0,3,0,5,1,0.65,0,1,0.03327270521413972
ALERT_00254,CSE_015,ASSET_0119,2,2,165,0,True,3,0,0,1,0,4,0,194,0,0.75,0,1,0.09349490317013842
ALERT_00255,CSE_014,ASSET_0113,1,2,538,0,True,5,0,0,0,0,5,0,77,0,0.74,0,1,0.0676686406958622
ALERT_00256,CSE_014,ASSET_0118,1,2,5,0,False,1,0,1,1,0,0,1,3,1,0.41,0,1,0.017784873573120308
ALERT_00257,CSE_010,ASSET_0077,1,2,320,0,True,5,0,0,0,0,5,0,284,0,0.28,0,1,0.06861739939797695
ALERT_00258,CSE_003,ASSET_0028,2,3,259,0,True,6,0,1,1,0,3,0,68,0,0.66,0,1,0.0749234382960493
ALERT_00259,CSE_013,ASSET_0105,2,3,423,0,True,3,0,1,0,0,4,0,219,0,0.29,0,1,0.06011017795947704
ALERT_00260,CSE_014,ASSET_0109,2,2,453,0,True,1,0,1,1,0,1,1,166,0,0.66,0,1,0.062322763189552655
ALERT_00261,CSE_014,ASSET_0118,1,2,5,0,False,1,0,0,0,0,2,1,4,1,0.45,0,1,0.011092972846436289
ALERT_00262,CSE_005,ASSET_0050,2,3,233,0,True,5,0,1,1,0,3,0,183,0,0.62,0,1,0.09119660982788375
ALERT_00263,CSE_014,ASSET_0109,1,2,10,0,False,4,0,1,1,0,3,0,72,0,0.78,0,1,0.060803145917086854
ALERT_00264,CSE_018,ASSET_0149,1,1,391,0,True,0,1,0,0,0,2,1,1,1,0.66,0,-1,-0.022756640360301117
ALERT_00265,CSE_005,ASSET_0045,2,2,234,0,True,5,0,0,0,0,5,0,57,0,0.67,0,1,0.09528035397254919
ALERT_00266,CSE_004,ASSET_0034,1,1,433,0,True,1,0,1,0,0,2,1,40,0,0.78,0,1,0.019400707427381092
ALERT_00267,CSE_019,ASSET_0156,3,4,8,1,False,1,0,1,1,0,0,1,7,1,0.49,0,-1,-0.07869356107537195
ALERT_00268,CSE_007,ASSET_0061,1,4,9,0,False,1,0,0,0,0,3,0,295,0,0.77,0,1,0.007168882070719307
ALERT_00269,CSE_013,ASSET_0102,1,3,435,0,True,0,1,0,0,0,3,0,180,0,0.17,0,-1,-0.002964304610377999
ALERT_00270,CSE_020,ASSET_0162,2,2,479,0,True,1,0,0,1,0,2,1,269,0,0.25,0,1,0.02200656241168153
ALERT_00271,CSE_011,ASSET_0086,2,2,5,0,False,1,0,1,1,0,1,1,72,0,0.79,0,1,0.056060665538547494
ALERT_00272,CSE_004,ASSET_0036,3,4,193,0,True,6,0,1,1,0,3,0,206,0,0.5,0,1,0.04543344387337933
ALERT_00273,CSE_015,ASSET_0133,1,2,314,0,True,3,0,1,0,0,4,0,93,0,0.77,0,1,0.07506347743244673
ALERT_00274,CSE_005,ASSET_0042,2,4,231,0,True,1,0,0,0,0,3,0,67,0,0.76,0,1,0.06621729496229672
ALERT_00275,CSE_015,ASSET_0120,1,1,1,0,False,1,0,0,1,0,2,1,119,0,0.74,0,1,0.04156627186053674
ALERT_00276,CSE_016,ASSET_0135,2,2,103,0,False,1,0,0,0,0,3,0,65,0,0.53,0,1,0.07246102664058907
ALERT_00277,CSE_008,ASSET_0065,2,3,75,0,False,0,1,0,1,0,1,1,9,1,0.67,0,1,0.0006724669162805341
ALERT_00278,CSE_003,ASSET_0023,1,3,510,0,True,5,0,1,0,0,4,0,229,0,0.66,0,1,0.07194523721532958
ALERT_00279,CSE_020,ASSET_0160,3,3,164,0,True,5,0,0,0,0,5,0,192,0,0.34,0,1,0.07201972603122003
ALERT_00280,CSE_001,ASSET_0003,4,3,7,1,False,0,1,0,1,1,2,1,178,0,0.7,0,-1,-0.10209125320794843
ALERT_00281,CSE_010,ASSET_0077,2,2,215,0,True,1,0,1,0,0,2,1,42,0,0.25,0,1,0.03749710502164738
ALERT_00282,CSE_003,ASSET_0023,4,3,520,0,True,0,1,0,1,1,2,1,75,0,0.75,0,-1,-0.06908409376138769
ALERT_00283,CSE_014,ASSET_0106,2,2,428,0,True,4,0,1,1,0,2,1,6,1,0.65,0,1,0.01984016255742649
ALERT_00284,CSE_019,ASSET_0155,2,4,9,0,False,3,0,0,0,0,4,0,7,1,0.58,0,1,0.0003562952123769003
ALERT_00285,CSE_005,ASSET_0040,1,2,520,0,True,3,0,0,1,0,4,0,256,0,0.61,0,1,0.06518242055673668
ALERT_00286,CSE_014,ASSET_0110,4,1,321,0,True,0,1,1,1,0,0,1,7,1,0.46,0,-1,-0.038525978574007635
ALERT_00287,CSE_016,ASSET_0138,1,2,4,0,False,5,0,1,1,0,3,0,38,0,0.69,0,1,0.06295102474151998
ALERT_00288,CSE_016,ASSET_0138,1,2,529,0,True,0,1,0,0,0,3,0,80,0,0.75,0,1,0.01211536619229836
ALERT_00289,CSE_019,ASSET_0157,1,2,2,0,False,1,0,0,1,0,1,1,7,1,0.55,0,1,0.033733399389804464
ALERT_00290,CSE_006,ASSET_0054,3,1,166,0,True,5,0,1,1,0,2,1,1,1,0.71,0,-1,-0.01626542586206281
ALERT_00291,CSE_018,ASSET_0151,1,2,238,0,False,4,0,1,1,0,3,0,283,0,0.7,0,1,0.041675590405837126
ALERT_00292,CSE_012,ASSET_0094,2,3,504,0,True,1,0,1,1,0,1,1,196,0,0.73,0,1,0.04682653237499501
ALERT_00293,CSE_018,ASSET_0147,1,2,569,0,True,3,0,1,1,0,3,0,155,0,0.47,0,1,0.06663422535407526
ALERT_00294,CSE_018,ASSET_0150,1,4,158,0,False,6,0,0,0,0,5,0,259,0,0.49,0,1,0.014069623279362231
ALERT_00295,CSE_012,ASSET_0098,3,2,567,0,True,3,0,1,0,0,4,0,61,0,0.51,0,1,0.0661411250032839
ALERT_00296,CSE_015,ASSET_0131,1,2,537,0,True,0,1,1,0,0,2,1,238,0,0.64,0,1,0.01961435985398685
ALERT_00297,CSE_005,ASSET_0049,3,3,3,1,False,3,0,0,0,0,5,0,56,0,0.8,0,-1,-0.021551711933857187
ALERT_00298,CSE_016,ASSET_0136,1,3,482,0,True,3,0,0,1,0,4,0,290,0,0.74,0,1,0.048750391448303065
ALERT_00299,CSE_014,ASSET_0114,4,2,476,0,True,0,1,0,0,0,3,0,154,0,0.43,0,1,0.014634000468753738
ALERT_00300,CSE_011,ASSET_0082,2,4,142,0,True,0,1,0,1,0,1,1,6,1,0.79,0,-1,-0.008981358231248238
ALERT_00301,CSE_011,ASSET_0082,1,4,280,0,True,0,1,1,0,0,1,1,4,1,0.42,0,-1,-0.03710009709643014
ALERT_00302,CSE_011,ASSET_0082,1,4,454,0,True,0,1,1,1,0,0,1,9,1,0.73,0,-1,-0.034070298663777976
ALERT_00303,CSE_006,ASSET_0052,1,2,31,0,False,4,0,0,1,0,4,0,90,0,0.59,0,1,0.08151559866259517
ALERT_00304,CSE_009,ASSET_0073,2,2,190,0,True,1,0,0,0,0,3,0,233,0,0.45,0,1,0.08548108057801485
ALERT_00305,CSE_001,ASSET_0005,2,3,8,0,False,1,0,1,1,0,0,1,8,1,0.73,0,1,0.013056446546887868
ALERT_00306,CSE_005,ASSET_0040,4,2,300,0,True,0,1,1,1,0,1,1,163,0,0.75,0,1,0.021329128308355205
ALERT_00307,CSE_011,ASSET_0087,2,2,137,0,True,1,0,0,1,0,2,1,143,0,0.78,0,1,0.06316234059474957
ALERT_00308,CSE_001,ASSET_0006,1,3,162,0,False,1,0,1,1,0,0,1,4,1,0.4,0,1,0.005522814541061072
ALERT_00309,CSE_020,ASSET_0161,3,2,575,0,True,6,0,0,0,0,4,0,9,1,0.31,0,-1,-0.007339281417630739
ALERT_00310,CSE_005,ASSET_0047,4,1,572,0,True,3,0,0,0,1,5,0,121,0,0.57,0,-1,-0.04743589295547179
ALERT_00311,CSE_008,ASSET_0066,3,3,509,0,True,0,1,1,1,0,1,1,267,0,0.55,0,1,0.02665325110651917
ALERT_00312,CSE_019,ASSET_0153,1,4,194,0,False,1,0,0,1,0,2,1,298,0,0.4,0,-1,-0.007847916891430828
ALERT_00313,CSE_015,ASSET_0119,2,2,1,0,False,3,0,0,0,0,5,0,232,0,0.57,0,1,0.06580679130742101
ALERT_00314,CSE_016,ASSET_0135,2,2,171,0,True,3,0,0,1,0,4,0,208,0,0.46,0,1,0.09707450566394527
ALERT_00315,CSE_012,ASSET_0094,2,3,198,0,True,1,0,1,1,0,1,1,211,0,0.6,0,1,0.07201197825568811
ALERT_00316,CSE_006,ASSET_0055,3,2,233,0,True,1,0,0,0,0,2,1,8,1,0.68,0,1,0.007913375349019147
ALERT_00317,CSE_005,ASSET_0043,1,2,226,0,False,4,0,1,1,0,3,0,287,0,0.44,0,1,0.0268271314388292
ALERT_00318,CSE_011,ASSET_0087,3,2,428,0,True,3,0,1,0,0,4,0,248,0,0.56,0,1,0.07540004387921495
ALERT_00319,CSE_005,ASSET_0050,1,3,375,0,True,3,0,0,0,0,4,0,6,1,0.52,0,1,0.022883983902335148
ALERT_00320,CSE_014,ASSET_0110,1,1,2,0,False,1,0,0,0,0,2,1,1,1,0.72,0,-1,-0.013740194206799505
ALERT_00321,CSE_005,ASSET_0037,2,3,581,0,True,0,1,1,1,0,1,1,43,0,0.6,0,1,0.03406491143269064
ALERT_00322,CSE_011,ASSET_0081,1,3,1,0,False,1,0,1,1,0,1,1,51,0,0.57,0,1,0.06084533623957
ALERT_00323,CSE_003,ASSET_0024,1,3,140,0,False,1,0,1,1,0,1,1,279,0,0.7,0,1,0.031256596088038546
ALERT_00324,CSE_003,ASSET_0026,1,1,257,0,True,6,0,1,1,0,3,0,210,0,0.67,0,1,0.047862456327998515
ALERT_00325,CSE_016,ASSET_0135,1,2,98,0,False,1,0,0,0,0,3,0,292,0,0.62,0,1,0.048379328841761104
ALERT_00326,CSE_006,ASSET_0053,3,2,399,0,True,0,1,0,1,0,2,1,57,0,0.46,0,1,0.04440420537257406
ALERT_00327,CSE_005,ASSET_0045,3,2,585,0,True,5,0,1,1,0,3,0,70,0,0.54,0,1,0.06389533902548111
ALERT_00328,CSE_006,ASSET_0052,2,2,5,0,False,1,0,1,0,0,2,1,56,0,0.77,0,1,0.04690248114690898
ALERT_00329,CSE_005,ASSET_0047,2,1,110,0,False,5,0,0,1,0,4,0,157,0,0.51,0,1,0.056977641062041895
ALERT_00330,CSE_020,ASSET_0159,1,3,552,0,True,5,0,0,1,0,4,0,170,0,0.32,0,1,0.0519034672628611
ALERT_00331,CSE_014,ASSET_0112,2,1,227,0,True,0,1,0,1,0,2,1,269,0,0.49,0,1,0.03379438032800197
ALERT_00332,CSE_008,ASSET_0067,2,2,375,0,True,1,0,0,0,0,3,0,75,0,0.44,0,1,0.10203752831533758
ALERT_00333,CSE_010,ASSET_0077,1,2,243,0,True,5,0,0,1,0,4,0,118,0,0.31,0,1,0.06936585568603554
ALERT_00334,CSE_011,ASSET_0084,2,2,7,0,False,1,0,1,0,0,1,1,10,0,0.48,0,1,0.038734123709629364
ALERT_00335,CSE_003,ASSET_0029,3,2,182,0,True,0,1,0,0,0,3,0,252,0,0.46,0,1,0.024539329707681468
ALERT_00336,CSE_020,ASSET_0162,1,2,370,0,True,6,0,0,0,0,5,0,260,0,0.13,0,1,0.04022020634360113
ALERT_00337,CSE_006,ASSET_0053,4,2,327,0,True,3,0,0,0,1,5,0,281,0,0.57,0,-1,-0.033751196509346326
ALERT_00338,CSE_009,ASSET_0072,2,3,88,0,False,5,0,0,1,0,4,0,253,0,0.47,0,1,0.05900993028323681
ALERT_00339,CSE_015,ASSET_0125,3,3,136,0,True,6,0,0,1,0,4,0,180,0,0.41,0,1,0.06001008978114303
ALERT_00340,CSE_004,ASSET_0033,1,3,229,0,False,1,0,1,1,0,0,1,8,1,0.61,0,1,0.00605311879464443
ALERT_00341,CSE_007,ASSET_0058,1,4,477,0,True,0,1,1,0,0,2,1,167,0,0.7,0,1,0.009417000357959782
ALERT_00342,CSE_016,ASSET_0139,2,4,304,0,True,5,0,0,1,0,4,0,256,0,0.43,0,1,0.053019309451460495
ALERT_00343,CSE_003,ASSET_0022,3,2,124,0,True,1,0,0,1,0,2,1,93,0,0.58,0,1,0.06024286706393045
ALERT_00344,CSE_011,ASSET_0081,1,3,377,0,True,1,0,1,1,0,0,1,10,0,0.54,0,1,0.03141093148219021
ALERT_00345,CSE_011,ASSET_0082,2,4,9,0,False,1,0,1,1,0,1,1,96,0,0.77,0,1,0.03955763205361584
ALERT_00346,CSE_002,ASSET_0016,1,1,259,0,True,0,1,0,0,0,3,0,123,0,0.57,0,1,0.026766658809880384
ALERT_00347,CSE_016,ASSET_0139,2,4,310,0,True,3,0,1,1,0,3,0,203,0,0.77,0,1,0.06696094443411704
ALERT_00348,CSE_014,ASSET_0108,1,1,6,0,False,1,0,1,0,0,2,1,78,0,0.79,0,1,0.021992816027848416
ALERT_00349,CSE_001,ASSET_0013,2,3,5,0,False,1,0,1,1,0,1,1,94,0,0.74,0,1,0.059858428131384256
ALERT_00350,CSE_003,ASSET_0022,4,2,160,0,True,1,0,1,1,0,1,1,75,0,0.51,0,1,0.029193618070005978
ALERT_00351,CSE_008,ASSET_0067,2,2,515,0,True,3,0,0,0,0,5,0,167,0,0.76,0,1,0.0771360455042811
ALERT_00352,CSE_008,ASSET_0064,1,1,513,0,True,0,1,0,0,0,2,1,4,1,0.79,0,-1,-0.03515584079879841
ALERT_00353,CSE_005,ASSET_0041,3,1,539,0,True,0,1,1,0,0,2,1,113,0,0.6,0,1,0.012944751102181407
ALERT_00354,CSE_005,ASSET_0045,3,2,354,0,True,1,0,1,0,0,1,1,9,1,0.44,0,-1,-0.0020190062034689538
ALERT_00355,CSE_005,ASSET_0047,3,1,480,0,True,6,0,0,1,0,4,0,291,0,0.46,0,1,0.026546208232414603
ALERT_00356,CSE_002,ASSET_0016,1,1,189,0,False,4,0,0,0,0,5,0,137,0,0.47,0,1,0.04218883487173597
ALERT_00357,CSE_012,ASSET_0095,1,2,533,0,True,1,0,0,1,0,2,1,256,0,0.55,0,1,0.04143326879120768
ALERT_00358,CSE_007,ASSET_0059,3,2,4,1,False,0,1,0,0,0,3,0,267,0,0.54,0,-1,-0.05362536586420752
ALERT_00359,CSE_010,ASSET_0078,2,1,444,0,True,5,0,0,1,0,4,0,280,0,0.27,0,1,0.03708261997616957
ALERT_00360,CSE_002,ASSET_0019,1,2,124,0,False,1,0,0,0,0,2,1,5,1,0.62,0,1,0.010967257802172448
ALERT_00361,CSE_015,ASSET_0130,1,1,425,0,True,1,0,0,0,0,3,0,286,0,0.59,0,1,0.05025157081680137
ALERT_00362,CSE_012,ASSET_0093,3,3,271,0,True,0,1,0,0,0,2,1,5,1,0.42,0,-1,-0.023527146231278828
ALERT_00363,CSE_018,ASSET_0146,3,3,163,0,True,1,0,0,0,0,3,0,57,0,0.78,0,1,0.07219042134102355
ALERT_00364,CSE_013,ASSET_0099,3,1,164,0,True,1,0,0,0,0,3,0,68,0,0.27,0,1,0.04771459449831933
ALERT_00365,CSE_012,ASSET_0089,1,3,277,0,True,5,0,0,0,0,5,0,93,0,0.51,0,1,0.07928297026188835
ALERT_00366,CSE_007,ASSET_0060,3,2,10,0,False,4,0,1,1,0,3,0,230,0,0.6,0,1,0.04568738108355619
ALERT_00367,CSE_009,ASSET_0072,1,3,53,0,False,3,0,0,0,0,5,0,179,0,0.62,0,1,0.05829770816360291
ALERT_00368,CSE_002,ASSET_0015,2,2,7,0,False,3,0,0,1,0,3,0,4,1,0.45,0,1,0.021837105776422172
ALERT_00369,CSE_011,ASSET_0086,2,2,522,0,True,1,0,0,1,0,2,1,85,0,0.56,0,1,0.06857884702053518
ALERT_00370,CSE_015,ASSET_0133,3,2,5,1,False,6,0,0,0,0,5,0,192,0,0.49,0,-1,-0.023167014994149415
ALERT_00371,CSE_008,ASSET_0067,2,2,79,0,False,4,0,1,0,0,4,0,254,0,0.54,0,1,0.054772534798592176
ALERT_00372,CSE_016,ASSET_0138,1,2,222,0,False,1,0,0,1,0,2,1,195,0,0.55,0,1,0.05673946108412248
ALERT_00373,CSE_012,ASSET_0097,2,3,75,0,False,3,0,0,0,0,5,0,155,0,0.51,0,1,0.07419685196039982
ALERT_00374,CSE_007,ASSET_0058,3,4,546,0,True,6,0,0,0,0,5,0,212,0,0.42,0,1,0.03398175240332868
ALERT_00375,CSE_006,ASSET_0052,2,2,361,0,True,5,0,0,0,0,4,0,8,1,0.69,0,1,0.039535853767695084
ALERT_00376,CSE_014,ASSET_0110,1,1,380,0,True,0,1,0,1,0,1,1,6,1,0.78,0,1,0.00747286887260612
ALERT_00377,CSE_015,ASSET_0131,2,2,305,0,True,0,1,0,1,0,1,1,7,1,0.62,0,1,0.03515190842184679
ALERT_00378,CSE_001,ASSET_0008,3,3,425,0,True,0,1,1,1,0,1,1,147,0,0.57,0,1,0.054629116980368486
ALERT_00379,CSE_020,ASSET_0162,3,2,425,0,True,3,0,0,0,0,5,0,162,0,0.38,0,1,0.08659537102762171
ALERT_00380,CSE_006,ASSET_0051,1,3,273,0,True,1,0,0,1,0,1,1,10,0,0.54,0,1,0.04331037346737121
ALERT_00381,CSE_006,ASSET_0057,2,2,335,0,True,1,0,0,1,0,2,1,242,0,0.52,0,1,0.06620482656254872
ALERT_00382,CSE_006,ASSET_0051,3,3,365,0,True,0,1,1,1,0,0,1,9,1,0.47,0,-1,-0.007883536579809114
ALERT_00383,CSE_012,ASSET_0096,3,2,83,0,True,0,1,1,1,0,1,1,75,0,0.78,0,1,0.03461443352778437
ALERT_00384,CSE_011,ASSET_0084,1,2,493,0,True,1,0,0,1,0,1,1,4,1,0.75,0,1,0.0068786117397978686
ALERT_00385,CSE_007,ASSET_0061,1,4,149,0,False,4,0,1,0,0,4,0,80,0,0.74,0,1,0.03660054584535888
ALERT_00386,CSE_004,ASSET_0032,4,2,264,0,True,5,0,1,0,0,3,0,5,1,0.61,0,1,0.00461810378732086
ALERT_00387,CSE_004,ASSET_0036,2,4,37,0,False,0,1,0,0,0,3,0,222,0,0.48,0,-1,-0.002594297556497871
ALERT_00388,CSE_011,ASSET_0083,1,2,361,0,True,1,0,0,1,0,2,1,125,0,0.55,0,1,0.07214040343409711
ALERT_00389,CSE_008,ASSET_0065,2,3,522,0,True,4,0,0,0,0,4,0,10,0,0.69,0,1,0.07783970126762563
ALERT_00390,CSE_003,ASSET_0024,2,3,44,0,False,4,0,1,0,0,4,0,134,0,0.44,0,1,0.05384817560005439
ALERT_00391,CSE_014,ASSET_0116,1,4,350,0,True,5,0,1,1,0,3,0,149,0,0.6,0,1,0.06367063666668599
ALERT_00392,CSE_014,ASSET_0114,3,2,358,0,True,3,0,1,1,0,3,0,248,0,0.71,0,1,0.06766744723019386
ALERT_00393,CSE_014,ASSET_0116,2,4,182,0,True,5,0,0,0,0,4,0,6,1,0.54,0,1,0.011438589728865356
ALERT_00394,CSE_018,ASSET_0146,2,3,161,0,True,6,0,0,1,0,4,0,212,0,0.58,0,1,0.08389334991244995
ALERT_00395,CSE_008,ASSET_0063,2,2,8,0,False,5,0,1,0,0,4,0,86,0,0.63,0,1,0.05886693138133686
ALERT_00396,CSE_020,ASSET_0159,1,3,274,0,True,4,0,1,0,0,4,0,256,0,0.22,0,1,0.03394190915506312
ALERT_00397,CSE_002,ASSET_0016,1,1,515,0,True,5,0,0,0,0,4,0,1,1,0.51,0,1,0.010477553104738302
ALERT_00398,CSE_004,ASSET_0035,2,3,281,0,True,4,0,1,0,0,3,0,3,1,0.63,0,1,0.02223824545421138
ALERT_00399,CSE_009,ASSET_0073,2,2,160,0,True,4,0,1,1,0,3,0,147,0,0.66,0,1,0.09869837006228982
ALERT_00400,CSE_007,ASSET_0060,2,2,498,0,True,1,0,0,0,0,3,0,62,0,0.73,0,1,0.09223167824252504
ALERT_00401,CSE_003,ASSET_0022,1,2,7,0,False,5,0,0,0,0,5,0,178,0,0.56,0,1,0.06714578399492505
ALERT_00402,CSE_014,ASSET_0118,3,2,6,1,False,0,1,1,1,0,0,1,7,1,0.56,0,-1,-0.08431879565833256
ALERT_00403,CSE_007,ASSET_0058,1,4,184,0,False,0,1,0,1,0,2,1,203,0,0.51,0,1,0.007734878655825894
ALERT_00404,CSE_018,ASSET_0148,1,2,109,0,False,3,0,0,0,0,5,0,216,0,0.62,0,1,0.06476752333721902
ALERT_00405,CSE_007,ASSET_0059,2,2,326,0,True,4,0,1,1,0,3,0,33,0,0.78,0,1,0.08528890163656322
ALERT_00406,CSE_006,ASSET_0051,2,3,594,0,True,3,0,1,0,0,4,0,79,0,0.67,0,1,0.06610115381686982
ALERT_00407,CSE_018,ASSET_0147,1,2,246,0,True,5,0,1,0,0,4,0,152,0,0.52,0,1,0.08439347768316946
ALERT_00408,CSE_018,ASSET_0151,2,2,1,0,False,0,1,1,1,0,1,1,237,0,0.42,0,1,0.026164944960464287
ALERT_00409,CSE_020,ASSET_0158,1,1,10,0,False,4,0,0,1,0,4,0,217,0,0.16,0,1,0.009475600443902166
ALERT_00410,CSE_007,ASSET_0060,2,2,576,0,True,0,1,0,1,0,2,1,101,0,0.71,0,1,0.055085487356261564
ALERT_00411,CSE_003,ASSET_0022,2,2,62,0,False,3,0,0,1,0,4,0,125,0,0.73,0,1,0.0789440480181941
ALERT_00412,CSE_007,ASSET_0061,1,4,100,0,False,1,0,0,0,0,3,0,185,0,0.61,0,1,0.04618458414053106
ALERT_00413,CSE_003,ASSET_0023,1,3,161,0,False,6,0,0,1,0,4,0,232,0,0.64,0,1,0.0492149681495499
ALERT_00414,CSE_009,ASSET_0070,1,2,50,0,False,0,1,0,1,0,2,1,285,0,0.75,0,1,0.026836131015877673
ALERT_00415,CSE_014,ASSET_0112,2,1,159,0,True,4,0,0,1,0,3,0,8,1,0.76,0,1,0.01711071192675717
ALERT_00416,CSE_005,ASSET_0048,2,2,8,0,False,3,0,0,1,0,4,0,221,0,0.49,0,1,0.07252116790348351
ALERT_00417,CSE_014,ASSET_0117,2,2,10,0,False,4,0,0,1,0,4,0,156,0,0.79,0,1,0.07430717278573218
ALERT_00418,CSE_005,ASSET_0046,2,4,590,0,True,5,0,0,1,0,4,0,144,0,0.51,0,1,0.04811463242070185
ALERT_00419,CSE_014,ASSET_0111,1,3,9,0,False,0,1,1,1,0,0,1,5,1,0.42,0,-1,-0.015478134959381773
ALERT_00420,CSE_011,ASSET_0086,2,2,82,0,False,0,1,0,1,0,2,1,276,0,0.73,0,1,0.032197695512686475
ALERT_00421,CSE_018,ASSET_0151,2,2,234,0,True,5,0,0,0,0,5,0,45,0,0.65,0,1,0.09567974222417092
ALERT_00422,CSE_012,ASSET_0092,3,2,430,0,True,0,1,0,1,0,2,1,191,0,0.49,0,1,0.05909430847827901
ALERT_00423,CSE_016,ASSET_0135,3,2,169,0,True,3,0,0,0,0,5,0,78,0,0.5,0,1,0.08518638924397232
ALERT_00424,CSE_006,ASSET_0052,2,2,275,0,True,1,0,1,0,0,2,1,246,0,0.6,0,1,0.053146074233809515
ALERT_00425,CSE_019,ASSET_0157,4,2,521,0,True,4,0,1,0,0,3,0,10,0,0.67,0,1,0.03945623779442653
ALERT_00426,CSE_012,ASSET_0093,1,3,297,0,True,1,0,0,0,0,3,0,208,0,0.77,0,1,0.06946312193132886
ALERT_00427,CSE_010,ASSET_0075,2,2,279,0,True,6,0,0,0,0,5,0,32,0,0.12,0,1,0.04733188651790032
ALERT_00428,CSE_014,ASSET_0108,1,1,207,0,False,1,0,1,1,0,1,1,58,0,0.69,0,1,0.019529983120942118
ALERT_00429,CSE_005,ASSET_0047,2,1,342,0,True,0,1,0,0,0,3,0,182,0,0.55,0,1,0.04296052718783061
ALERT_00430,CSE_015,ASSET_0127,3,1,556,0,True,4,0,1,1,0,3,0,77,0,0.61,0,1,0.051266602850091936
ALERT_00431,CSE_005,ASSET_0037,2,3,56,0,False,0,1,0,1,0,2,1,36,0,0.55,0,1,0.04481013383304844
ALERT_00432,CSE_001,ASSET_0013,3,3,34,0,False,5,0,0,0,0,4,0,1,1,0.68,0,1,0.006235200156010201
ALERT_00433,CSE_005,ASSET_0038,2,1,537,0,True,1,0,0,1,0,2,1,158,0,0.72,0,1,0.039679948474125926
ALERT_00434,CSE_016,ASSET_0137,2,1,552,0,True,0,1,1,1,0,0,1,5,1,0.73,0,-1,-0.03322139191659379
ALERT_00435,CSE_010,ASSET_0075,1,2,568,0,True,3,0,1,0,0,4,0,43,0,0.32,0,1,0.04405582494250593
ALERT_00436,CSE_013,ASSET_0105,1,3,321,0,True,6,0,0,0,0,5,0,81,0,0.28,0,1,0.0648459877997935
ALERT_00437,CSE_006,ASSET_0052,2,2,410,0,True,5,0,1,0,0,4,0,85,0,0.6,0,1,0.09945808027647346
ALERT_00438,CSE_015,ASSET_0124,3,1,270,0,True,1,0,0,1,0,2,1,253,0,0.75,0,1,0.02227133081022248
ALERT_00439,CSE_015,ASSET_0131,3,2,324,0,True,3,0,0,1,0,3,0,2,1,0.68,0,1,0.03143764157472384
ALERT_00440,CSE_012,ASSET_0096,1,2,307,0,True,6,0,0,1,0,3,0,10,0,0.64,0,1,0.06368139613787127
ALERT_00441,CSE_012,ASSET_0090,4,4,65,0,True,6,0,0,0,1,5,0,208,0,0.75,0,-1,-0.0738472245168511
ALERT_00442,CSE_013,ASSET_0099,2,1,313,0,True,6,0,0,0,0,5,0,217,0,0.25,0,1,0.05368751517306791
ALERT_00443,CSE_003,ASSET_0020,1,2,37,0,False,5,0,1,0,0,4,0,209,0,0.53,0,1,0.05314122753157796
ALERT_00444,CSE_015,ASSET_0119,3,2,441,0,True,6,0,1,0,0,4,0,48,0,0.47,0,1,0.058226793629788
ALERT_00445,CSE_008,ASSET_0064,2,1,366,0,True,0,1,0,1,0,2,1,244,0,0.41,0,1,0.029829742390136138
ALERT_00446,CSE_006,ASSET_0057,1,2,501,0,True,0,1,1,0,0,2,1,160,0,0.76,0,1,0.02178056160267794
ALERT_00447,CSE_004,ASSET_0033,3,3,447,0,True,5,0,1,1,0,3,0,117,0,0.73,0,1,0.06694078558570693
ALERT_00448,CSE_005,ASSET_0043,1,2,586,0,True,4,0,1,0,0,4,0,127,0,0.65,0,1,0.0755063564737346
ALERT_00449,CSE_020,ASSET_0158,2,1,569,0,True,5,0,0,0,0,5,0,55,0,0.21,0,1,0.04004419127609149
ALERT_00450,CSE_011,ASSET_0087,1,2,4,0,False,1,0,1,1,0,1,1,262,0,0.53,0,1,0.054401140120121705
ALERT_00451,CSE_001,ASSET_0013,3,3,480,0,True,6,0,0,1,0,4,0,267,0,0.68,0,1,0.04994707499359302
ALERT_00452,CSE_019,ASSET_0157,3,2,6,1,False,0,1,1,1,0,1,1,58,0,0.63,0,-1,-0.051713431536909105
ALERT_00453,CSE_001,ASSET_0008,1,3,161,0,False,4,0,0,0,0,5,0,104,0,0.54,0,1,0.06128032756926616
ALERT_00454,CSE_019,ASSET_0154,1,4,231,0,False,1,0,1,0,0,2,1,190,0,0.77,0,1,0.01434382684873492
ALERT_00455,CSE_001,ASSET_0007,1,4,401,0,True,1,0,1,1,0,1,1,194,0,0.64,0,1,0.039094934213670274
ALERT_00456,CSE_006,ASSET_0051,1,3,394,0,True,3,0,0,1,0,4,0,287,0,0.6,0,1,0.0644777027999881
ALERT_00457,CSE_014,ASSET_0109,2,2,10,0,False,1,0,1,0,0,2,1,231,0,0.44,0,1,0.03620670337632659
ALERT_00458,CSE_014,ASSET_0106,1,2,136,0,False,0,1,1,1,0,1,1,250,0,0.58,0,1,0.028549028820712974
ALERT_00459,CSE_005,ASSET_0042,3,4,453,0,True,5,0,0,0,0,5,0,290,0,0.43,0,1,0.03357428442186816
ALERT_00460,CSE_001,ASSET_0001,1,2,8,0,False,1,0,0,1,0,2,1,292,0,0.75,0,1,0.04415505092741179
ALERT_00461,CSE_005,ASSET_0042,2,4,94,0,False,0,1,1,1,0,1,1,293,0,0.59,0,1,0.0039039119039613324
ALERT_00462,CSE_003,ASSET_0028,2,3,2,0,False,4,0,0,0,0,4,0,2,1,0.72,0,1,0.01087045434169831
ALERT_00463,CSE_015,ASSET_0129,2,3,351,0,True,5,0,1,0,0,4,0,221,0,0.66,0,1,0.0921491665806004
ALERT_00464,CSE_012,ASSET_0097,3,3,444,0,True,0,1,1,1,0,1,1,183,0,0.41,0,1,0.034456508484439374
ALERT_00465,CSE_002,ASSET_0015,1,2,600,0,True,4,0,0,0,0,5,0,284,0,0.56,0,1,0.05479501794727587
ALERT_00466,CSE_007,ASSET_0060,3,2,565,0,True,0,1,1,0,0,2,1,187,0,0.69,0,1,0.02571719061630129
ALERT_00467,CSE_014,ASSET_0118,1,2,9,0,False,1,0,0,1,0,1,1,5,1,0.46,0,1,0.030790847727102943
ALERT_00468,CSE_019,ASSET_0155,1,4,480,0,True,0,1,1,1,0,0,1,8,1,0.48,0,-1,-0.025556669229451656
ALERT_00469,CSE_015,ASSET_0123,4,4,39,0,True,5,0,1,0,0,4,0,128,0,0.59,0,1,0.013696305263014241
ALERT_00470,CSE_001,ASSET_0005,2,3,479,0,True,1,0,1,0,0,2,1,51,0,0.69,0,1,0.04809569056078877
ALERT_00471,CSE_003,ASSET_0023,3,3,2,1,False,5,0,0,1,0,3,0,1,1,0.6,0,-1,-0.05312171094458318
ALERT_00472,CSE_015,ASSET_0131,1,2,82,0,False,5,0,0,1,0,4,0,186,0,0.54,0,1,0.07855925243497613
ALERT_00473,CSE_015,ASSET_0125,3,3,7,1,False,6,0,1,0,0,3,0,9,1,0.63,0,-1,-0.07263157066537274
ALERT_00474,CSE_010,ASSET_0075,1,2,138,0,False,6,0,0,0,0,5,0,143,0,0.39,0,1,0.04890801358869279
ALERT_00475,CSE_013,ASSET_0099,2,1,574,0,True,4,0,0,0,0,5,0,104,0,0.21,0,1,0.04827985587999323
ALERT_00476,CSE_004,ASSET_0036,1,4,396,0,True,6,0,1,1,0,3,0,265,0,0.69,0,1,0.03070366494145138
ALERT_00477,CSE_013,ASSET_0105,2,3,121,0,True,1,0,1,0,0,2,1,291,0,0.11,0,-1,-0.030017338268713445
ALERT_00478,CSE_014,ASSET_0111,2,3,5,0,False,1,0,1,0,0,1,1,7,1,0.57,0,1,0.017215540124417172
ALERT_00479,CSE_016,ASSET_0138,1,2,400,0,True,5,0,0,0,0,4,0,9,1,0.5,0,1,0.03238642686865245
ALERT_00480,CSE_011,ASSET_0083,1,2,7,0,False,5,0,1,1,0,2,1,5,1,0.62,0,1,0.0059511143701586056
ALERT_00481,CSE_003,ASSET_0024,1,3,140,0,False,1,0,0,0,0,3,0,162,0,0.67,0,1,0.06509521322242556
ALERT_00482,CSE_012,ASSET_0090,1,4,467,0,True,0,1,0,0,0,3,0,238,0,0.57,0,1,0.01191214484022185
ALERT_00483,CSE_015,ASSET_0128,1,1,184,0,False,1,0,1,0,0,2,1,150,0,0.57,0,1,0.023072744289030056
ALERT_00484,CSE_005,ASSET_0044,1,3,411,0,True,3,0,1,1,0,3,0,132,0,0.55,0,1,0.0768772481214467
ALERT_00485,CSE_015,ASSET_0129,2,3,86,0,False,5,0,0,0,0,5,0,73,0,0.64,0,1,0.06344375305527966
ALERT_00486,CSE_013,ASSET_0103,3,1,422,0,True,5,0,0,0,0,5,0,260,0,0.32,0,1,0.04763983178349884
ALERT_00487,CSE_008,ASSET_0065,3,3,134,0,True,5,0,0,1,0,4,0,196,0,0.56,0,1,0.08041174939258844
ALERT_00488,CSE_006,ASSET_0053,2,2,501,0,True,0,1,1,0,0,2,1,54,0,0.73,0,1,0.026709716009557738
ALERT_00489,CSE_016,ASSET_0134,1,4,123,0,False,4,0,1,0,0,4,0,293,0,0.7,0,1,0.017891940434930587
ALERT_00490,CSE_016,ASSET_0135,1,2,4,0,False,1,0,1,1,0,0,1,2,1,0.66,0,1,0.017007034227688123
ALERT_00491,CSE_018,ASSET_0146,1,3,183,0,False,3,0,1,0,0,4,0,64,0,0.75,0,1,0.03991661479640285
ALERT_00492,CSE_014,ASSET_0108,2,1,322,0,True,3,0,0,1,0,3,0,3,1,0.59,0,1,0.02953301363067895
ALERT_00493,CSE_013,ASSET_0102,2,3,152,0,True,5,0,1,0,0,4,0,275,0,0.23,0,1,0.029965753577334775
ALERT_00494,CSE_006,ASSET_0057,3,2,131,0,True,0,1,1,1,0,1,1,108,0,0.74,0,1,0.04121451516833585
ALERT_00495,CSE_010,ASSET_0076,2,2,449,0,True,4,0,0,0,0,5,0,248,0,0.11,0,1,0.050894601578085286
ALERT_00496,CSE_013,ASSET_0102,1,3,292,0,True,1,0,0,0,0,3,0,175,0,0.21,0,1,0.049898459860615973
ALERT_00497,CSE_002,ASSET_0015,3,2,430,0,True,3,0,0,1,0,4,0,224,0,0.71,0,1,0.07777506445674082
ALERT_00498,CSE_004,ASSET_0031,1,2,6,0,False,5,0,1,1,0,3,0,71,0,0.79,0,1,0.05576357286720868
ALERT_00499,CSE_002,ASSET_0019,2,2,417,0,True,0,1,0,0,0,3,0,279,0,0.43,0,1,0.03553008649335898
ALERT_00500,CSE_003,ASSET_0020,1,2,421,0,True,5,0,1,1,0,3,0,69,0,0.59,0,1,0.08259639167173655
