investigation_id,alert_id,analyst_id,cse_id,soc_profile,investigation_quality,investigation_time_minutes,evidence_count,evidence_collected,root_cause_identified,root_cause,remediation_recorded,remediation_action,investigation_notes,note_similarity
INV_00001,ALERT_00001,ANL_037,CSE_003,OVERLOADED,3,216,0,,True,UNKNOWN,True,ACCESS_REVOKED,Checked activity and resolved issue,0.59
INV_00002,ALERT_00002,ANL_020,CSE_002,NORMAL,3,185,3,"SIEM_LOGS,ENDPOINT_LOGS,MALWARE_ANALYSIS",False,UNKNOWN,False,NO_ACTION,Investigation completed successfully,0.68
INV_00003,ALERT_00003,ANL_019,CSE_006,OVERLOADED,4,153,3,"SIEM_LOGS,NETWORK_CAPTURE,ENDPOINT_LOGS",False,UNKNOWN,True,ACCESS_REVOKED,Reviewed evidence and performed remediation,0.41
INV_00004,ALERT_00004,ANL_015,CSE_002,NORMAL,5,107,5,"USER_ACTIVITY_LOGS,ENDPOINT_LOGS,SIEM_LOGS,FIREWALL_LOG,MALWARE_ANALYSIS",True,UNKNOWN,True,ACCESS_REVOKED,Analysed event and closed case,0.49
INV_00005,ALERT_00005,ANL_049,CSE_006,OVERLOADED,2,80,1,MALWARE_ANALYSIS,True,INSIDER_ACTIVITY,False,NO_ACTION,Checked activity and resolved issue,0.57
INV_00006,ALERT_00006,ANL_048,CSE_005,OVERLOADED,5,46,5,"MALWARE_ANALYSIS,SIEM_LOGS,USER_ACTIVITY_LOGS,NETWORK_CAPTURE,ENDPOINT_LOGS",True,MISCONFIGURATION,True,CONFIGURATION_UPDATED,Investigation completed successfully,0.56
INV_00007,ALERT_00007,ANL_038,CSE_005,OVERLOADED,0,3,1,MALWARE_ANALYSIS,False,UNKNOWN,False,NO_ACTION,Checked activity and resolved issue,0.69
INV_00008,ALERT_00008,ANL_034,CSE_008,NORMAL,3,8,3,"MALWARE_ANALYSIS,NETWORK_CAPTURE,ENDPOINT_LOGS",False,UNKNOWN,True,CONFIGURATION_UPDATED,Reviewed logs and closed the alert,0.53
INV_00009,ALERT_00009,ANL_006,CSE_013,MATURE,5,291,3,"ENDPOINT_LOGS,USER_ACTIVITY_LOGS,MALWARE_ANALYSIS",True,UNPATCHED_SYSTEM,True,MALWARE_REMOVED,"Detailed investigation performed with evidence validation, root cause analysis and remediation tracking",0.18
INV_00010,ALERT_00010,ANL_010,CSE_003,OVERLOADED,2,168,0,,True,UNPATCHED_SYSTEM,False,NO_ACTION,Analysed event and closed case,0.8
INV_00011,ALERT_00011,ANL_004,CSE_012,NORMAL,2,167,0,,True,COMPROMISED_CREDENTIALS,False,NO_ACTION,Investigation completed successfully,0.53
INV_00012,ALERT_00012,ANL_033,CSE_005,OVERLOADED,2,57,1,FIREWALL_LOG,True,UNPATCHED_SYSTEM,False,NO_ACTION,Reviewed evidence and performed remediation,0.51
INV_00013,ALERT_00013,ANL_024,CSE_002,NORMAL,3,296,0,,True,UNPATCHED_SYSTEM,True,NO_ACTION,Reviewed evidence and performed remediation,0.57
INV_00014,ALERT_00014,ANL_045,CSE_020,MATURE,4,101,6,"ENDPOINT_LOGS,USER_ACTIVITY_LOGS,MALWARE_ANALYSIS,SIEM_LOGS,FIREWALL_LOG,NETWORK_CAPTURE",True,UNPATCHED_SYSTEM,False,NO_ACTION,"Detailed investigation performed with evidence validation, root cause analysis and remediation tracking",0.21
INV_00015,ALERT_00015,ANL_025,CSE_018,NORMAL,5,77,6,"NETWORK_CAPTURE,MALWARE_ANALYSIS,FIREWALL_LOG,ENDPOINT_LOGS,USER_ACTIVITY_LOGS,SIEM_LOGS",True,UNKNOWN,True,NO_ACTION,Reviewed logs and closed the alert,0.55
INV_00016,ALERT_00016,ANL_039,CSE_009,OVERLOADED,3,249,1,MALWARE_ANALYSIS,True,MISCONFIGURATION,True,PATCH_APPLIED,Reviewed logs and closed the alert,0.57
INV_00017,ALERT_00017,ANL_023,CSE_007,NORMAL,3,3,4,"USER_ACTIVITY_LOGS,SIEM_LOGS,ENDPOINT_LOGS,FIREWALL_LOG",False,UNKNOWN,True,CONFIGURATION_UPDATED,Analysed event and closed case,0.43
INV_00018,ALERT_00018,ANL_048,CSE_016,OVERLOADED,4,202,5,"NETWORK_CAPTURE,SIEM_LOGS,ENDPOINT_LOGS,FIREWALL_LOG,USER_ACTIVITY_LOGS",False,UNKNOWN,True,CONFIGURATION_UPDATED,Analysed event and closed case,0.74
INV_00019,ALERT_00019,ANL_032,CSE_001,VENDOR_DEPENDENT,1,1,1,FIREWALL_LOG,False,UNKNOWN,True,NO_ACTION,Analysed event and closed case,0.62
INV_00020,ALERT_00020,ANL_016,CSE_014,VENDOR_DEPENDENT,4,81,5,"FIREWALL_LOG,SIEM_LOGS,MALWARE_ANALYSIS,NETWORK_CAPTURE,ENDPOINT_LOGS",True,COMPROMISED_CREDENTIALS,False,NO_ACTION,Investigation completed successfully,0.53
INV_00021,ALERT_00021,ANL_041,CSE_005,OVERLOADED,3,227,6,"FIREWALL_LOG,SIEM_LOGS,MALWARE_ANALYSIS,NETWORK_CAPTURE,ENDPOINT_LOGS,USER_ACTIVITY_LOGS",False,UNKNOWN,False,NO_ACTION,Checked activity and resolved issue,0.57
INV_00022,ALERT_00022,ANL_047,CSE_001,VENDOR_DEPENDENT,2,3,3,"ENDPOINT_LOGS,NETWORK_CAPTURE,SIEM_LOGS",False,UNKNOWN,False,NO_ACTION,Checked activity and resolved issue,0.48
INV_00023,ALERT_00023,ANL_030,CSE_009,OVERLOADED,4,182,3,"USER_ACTIVITY_LOGS,MALWARE_ANALYSIS,NETWORK_CAPTURE",False,UNKNOWN,True,ACCESS_REVOKED,Reviewed evidence and performed remediation,0.79
INV_00024,ALERT_00024,ANL_009,CSE_005,OVERLOADED,1,82,0,,False,UNKNOWN,False,NO_ACTION,Reviewed logs and closed the alert,0.48
INV_00025,ALERT_00025,ANL_029,CSE_016,OVERLOADED,3,78,1,NETWORK_CAPTURE,True,COMPROMISED_CREDENTIALS,True,MALWARE_REMOVED,Checked activity and resolved issue,0.41
INV_00026,ALERT_00026,ANL_016,CSE_012,NORMAL,3,8,4,"FIREWALL_LOG,USER_ACTIVITY_LOGS,NETWORK_CAPTURE,ENDPOINT_LOGS",False,UNKNOWN,True,CONFIGURATION_UPDATED,Reviewed evidence and performed remediation,0.48
INV_00027,ALERT_00027,ANL_044,CSE_001,VENDOR_DEPENDENT,3,1,5,"ENDPOINT_LOGS,NETWORK_CAPTURE,USER_ACTIVITY_LOGS,MALWARE_ANALYSIS,FIREWALL_LOG",False,UNKNOWN,True,MALWARE_REMOVED,Checked activity and resolved issue,0.66
INV_00028,ALERT_00028,ANL_023,CSE_013,MATURE,5,123,6,"ENDPOINT_LOGS,MALWARE_ANALYSIS,USER_ACTIVITY_LOGS,SIEM_LOGS,NETWORK_CAPTURE,FIREWALL_LOG",True,MALWARE_INFECTION,True,PATCH_APPLIED,"Detailed investigation performed with evidence validation, root cause analysis and remediation tracking",0.12
INV_00029,ALERT_00029,ANL_014,CSE_015,NORMAL,3,4,6,"FIREWALL_LOG,NETWORK_CAPTURE,SIEM_LOGS,MALWARE_ANALYSIS,USER_ACTIVITY_LOGS,ENDPOINT_LOGS",True,MISCONFIGURATION,False,NO_ACTION,Checked activity and resolved issue,0.51
INV_00030,ALERT_00030,ANL_008,CSE_004,VENDOR_DEPENDENT,3,292,4,"SIEM_LOGS,MALWARE_ANALYSIS,FIREWALL_LOG,NETWORK_CAPTURE",False,UNKNOWN,False,NO_ACTION,Investigation completed successfully,0.74
INV_00031,ALERT_00031,ANL_023,CSE_015,NORMAL,4,249,3,"ENDPOINT_LOGS,NETWORK_CAPTURE,MALWARE_ANALYSIS",False,UNKNOWN,True,MALWARE_REMOVED,Checked activity and resolved issue,0.71
INV_00032,ALERT_00032,ANL_028,CSE_012,NORMAL,4,180,4,"NETWORK_CAPTURE,USER_ACTIVITY_LOGS,SIEM_LOGS,ENDPOINT_LOGS",False,UNKNOWN,True,MALWARE_REMOVED,Checked activity and resolved issue,0.6
INV_00033,ALERT_00033,ANL_022,CSE_001,VENDOR_DEPENDENT,3,137,4,"SIEM_LOGS,USER_ACTIVITY_LOGS,MALWARE_ANALYSIS,FIREWALL_LOG",False,UNKNOWN,False,NO_ACTION,Checked activity and resolved issue,0.75
INV_00034,ALERT_00034,ANL_045,CSE_008,NORMAL,2,1,0,,True,MISCONFIGURATION,True,PASSWORD_RESET,Checked activity and resolved issue,0.74
INV_00035,ALERT_00035,ANL_035,CSE_019,VENDOR_DEPENDENT,3,1,5,"NETWORK_CAPTURE,ENDPOINT_LOGS,MALWARE_ANALYSIS,SIEM_LOGS,USER_ACTIVITY_LOGS",False,UNKNOWN,True,CONFIGURATION_UPDATED,Reviewed evidence and performed remediation,0.76
INV_00036,ALERT_00036,ANL_036,CSE_004,VENDOR_DEPENDENT,0,9,1,NETWORK_CAPTURE,False,UNKNOWN,False,NO_ACTION,Analysed event and closed case,0.41
INV_00037,ALERT_00037,ANL_050,CSE_001,VENDOR_DEPENDENT,3,5,5,"FIREWALL_LOG,SIEM_LOGS,MALWARE_ANALYSIS,USER_ACTIVITY_LOGS,NETWORK_CAPTURE",True,MISCONFIGURATION,False,NO_ACTION,Analysed event and closed case,0.7
INV_00038,ALERT_00038,ANL_004,CSE_001,VENDOR_DEPENDENT,3,35,5,"USER_ACTIVITY_LOGS,ENDPOINT_LOGS,FIREWALL_LOG,NETWORK_CAPTURE,MALWARE_ANALYSIS",False,UNKNOWN,False,NO_ACTION,Checked activity and resolved issue,0.71
INV_00039,ALERT_00039,ANL_025,CSE_001,VENDOR_DEPENDENT,1,62,1,USER_ACTIVITY_LOGS,False,UNKNOWN,False,NO_ACTION,Analysed event and closed case,0.41
INV_00040,ALERT_00040,ANL_025,CSE_016,OVERLOADED,5,244,3,"SIEM_LOGS,USER_ACTIVITY_LOGS,MALWARE_ANALYSIS",True,UNKNOWN,True,PASSWORD_RESET,Checked activity and resolved issue,0.73
INV_00041,ALERT_00041,ANL_011,CSE_015,NORMAL,4,77,6,"ENDPOINT_LOGS,NETWORK_CAPTURE,FIREWALL_LOG,USER_ACTIVITY_LOGS,MALWARE_ANALYSIS,SIEM_LOGS",True,MISCONFIGURATION,False,NO_ACTION,Analysed event and closed case,0.62
INV_00042,ALERT_00042,ANL_047,CSE_005,OVERLOADED,4,95,3,"SIEM_LOGS,USER_ACTIVITY_LOGS,FIREWALL_LOG",True,MISCONFIGURATION,False,NO_ACTION,Reviewed logs and closed the alert,0.6
INV_00043,ALERT_00043,ANL_049,CSE_001,VENDOR_DEPENDENT,1,65,1,USER_ACTIVITY_LOGS,False,UNKNOWN,False,NO_ACTION,Analysed event and closed case,0.48
INV_00044,ALERT_00044,ANL_031,CSE_010,MATURE,3,246,0,,True,INSIDER_ACTIVITY,True,MALWARE_REMOVED,"Detailed investigation performed with evidence validation, root cause analysis and remediation tracking",0.13
INV_00045,ALERT_00045,ANL_011,CSE_015,NORMAL,4,137,3,"NETWORK_CAPTURE,FIREWALL_LOG,USER_ACTIVITY_LOGS",False,UNKNOWN,True,CONFIGURATION_UPDATED,Reviewed logs and closed the alert,0.41
INV_00046,ALERT_00046,ANL_001,CSE_012,NORMAL,4,231,4,"MALWARE_ANALYSIS,ENDPOINT_LOGS,USER_ACTIVITY_LOGS,SIEM_LOGS",True,COMPROMISED_CREDENTIALS,False,NO_ACTION,Reviewed evidence and performed remediation,0.78
INV_00047,ALERT_00047,ANL_029,CSE_007,NORMAL,1,8,1,NETWORK_CAPTURE,True,MALWARE_INFECTION,False,NO_ACTION,Reviewed evidence and performed remediation,0.66
INV_00048,ALERT_00048,ANL_043,CSE_005,OVERLOADED,1,9,0,,True,INSIDER_ACTIVITY,False,NO_ACTION,Checked activity and resolved issue,0.72
INV_00049,ALERT_00049,ANL_004,CSE_019,VENDOR_DEPENDENT,2,223,0,,False,UNKNOWN,True,PASSWORD_RESET,Reviewed logs and closed the alert,0.72
INV_00050,ALERT_00050,ANL_002,CSE_018,NORMAL,3,5,3,"USER_ACTIVITY_LOGS,FIREWALL_LOG,ENDPOINT_LOGS",True,COMPROMISED_CREDENTIALS,False,NO_ACTION,Reviewed evidence and performed remediation,0.77
INV_00051,ALERT_00051,ANL_039,CSE_008,NORMAL,2,206,0,,True,UNKNOWN,False,NO_ACTION,Reviewed evidence and performed remediation,0.55
INV_00052,ALERT_00052,ANL_020,CSE_002,NORMAL,5,52,4,"NETWORK_CAPTURE,ENDPOINT_LOGS,USER_ACTIVITY_LOGS,FIREWALL_LOG",True,INSIDER_ACTIVITY,True,ACCESS_REVOKED,Reviewed logs and closed the alert,0.47
INV_00053,ALERT_00053,ANL_038,CSE_015,NORMAL,0,4,0,,False,UNKNOWN,False,NO_ACTION,Reviewed logs and closed the alert,0.55
INV_00054,ALERT_00054,ANL_030,CSE_014,VENDOR_DEPENDENT,2,189,1,FIREWALL_LOG,True,MISCONFIGURATION,False,NO_ACTION,Reviewed logs and closed the alert,0.51
INV_00055,ALERT_00055,ANL_033,CSE_001,VENDOR_DEPENDENT,3,299,5,"USER_ACTIVITY_LOGS,NETWORK_CAPTURE,SIEM_LOGS,FIREWALL_LOG,ENDPOINT_LOGS",False,UNKNOWN,False,NO_ACTION,Analysed event and closed case,0.71
INV_00056,ALERT_00056,ANL_048,CSE_012,NORMAL,5,191,5,"FIREWALL_LOG,MALWARE_ANALYSIS,USER_ACTIVITY_LOGS,NETWORK_CAPTURE,ENDPOINT_LOGS",True,UNPATCHED_SYSTEM,True,MALWARE_REMOVED,Reviewed evidence and performed remediation,0.6
INV_00057,ALERT_00057,ANL_037,CSE_006,OVERLOADED,3,82,5,"NETWORK_CAPTURE,FIREWALL_LOG,USER_ACTIVITY_LOGS,MALWARE_ANALYSIS,ENDPOINT_LOGS",False,UNKNOWN,False,NO_ACTION,Investigation completed successfully,0.61
INV_00058,ALERT_00058,ANL_033,CSE_005,OVERLOADED,1,3,0,,False,UNKNOWN,True,NO_ACTION,Reviewed logs and closed the alert,0.49
INV_00059,ALERT_00059,ANL_007,CSE_001,VENDOR_DEPENDENT,1,296,1,SIEM_LOGS,False,UNKNOWN,False,NO_ACTION,Reviewed evidence and performed remediation,0.54
INV_00060,ALERT_00060,ANL_019,CSE_015,NORMAL,4,230,6,"NETWORK_CAPTURE,ENDPOINT_LOGS,FIREWALL_LOG,USER_ACTIVITY_LOGS,SIEM_LOGS,MALWARE_ANALYSIS",True,MALWARE_INFECTION,False,NO_ACTION,Reviewed evidence and performed remediation,0.5
INV_00061,ALERT_00061,ANL_012,CSE_020,MATURE,5,51,6,"SIEM_LOGS,USER_ACTIVITY_LOGS,FIREWALL_LOG,ENDPOINT_LOGS,MALWARE_ANALYSIS,NETWORK_CAPTURE",True,COMPROMISED_CREDENTIALS,True,NO_ACTION,"Detailed investigation performed with evidence validation, root cause analysis and remediation tracking",0.16
INV_00062,ALERT_00062,ANL_028,CSE_016,OVERLOADED,3,166,3,"SIEM_LOGS,NETWORK_CAPTURE,ENDPOINT_LOGS",False,UNKNOWN,False,NO_ACTION,Checked activity and resolved issue,0.72
INV_00063,ALERT_00063,ANL_022,CSE_014,VENDOR_DEPENDENT,3,172,4,"USER_ACTIVITY_LOGS,NETWORK_CAPTURE,MALWARE_ANALYSIS,FIREWALL_LOG",False,UNKNOWN,False,NO_ACTION,Reviewed logs and closed the alert,0.79
INV_00064,ALERT_00064,ANL_016,CSE_014,VENDOR_DEPENDENT,5,123,6,"ENDPOINT_LOGS,SIEM_LOGS,FIREWALL_LOG,USER_ACTIVITY_LOGS,NETWORK_CAPTURE,MALWARE_ANALYSIS",True,UNPATCHED_SYSTEM,True,CONFIGURATION_UPDATED,Checked activity and resolved issue,0.68
INV_00065,ALERT_00065,ANL_026,CSE_003,OVERLOADED,4,86,4,"MALWARE_ANALYSIS,USER_ACTIVITY_LOGS,ENDPOINT_LOGS,FIREWALL_LOG",False,UNKNOWN,True,PATCH_APPLIED,Reviewed logs and closed the alert,0.6
INV_00066,ALERT_00066,ANL_006,CSE_004,VENDOR_DEPENDENT,2,4,4,"FIREWALL_LOG,ENDPOINT_LOGS,SIEM_LOGS,MALWARE_ANALYSIS",False,UNKNOWN,False,NO_ACTION,Reviewed logs and closed the alert,0.52
INV_00067,ALERT_00067,ANL_047,CSE_012,NORMAL,3,9,6,"MALWARE_ANALYSIS,ENDPOINT_LOGS,FIREWALL_LOG,SIEM_LOGS,USER_ACTIVITY_LOGS,NETWORK_CAPTURE",False,UNKNOWN,True,CONFIGURATION_UPDATED,Checked activity and resolved issue,0.58
INV_00068,ALERT_00068,ANL_024,CSE_001,VENDOR_DEPENDENT,1,4,0,,True,MALWARE_INFECTION,False,NO_ACTION,Analysed event and closed case,0.67
INV_00069,ALERT_00069,ANL_007,CSE_003,OVERLOADED,3,66,0,,True,INSIDER_ACTIVITY,True,NO_ACTION,Reviewed logs and closed the alert,0.67
INV_00070,ALERT_00070,ANL_010,CSE_018,NORMAL,1,3,1,NETWORK_CAPTURE,True,MALWARE_INFECTION,False,NO_ACTION,Checked activity and resolved issue,0.64
INV_00071,ALERT_00071,ANL_041,CSE_010,MATURE,5,299,5,"MALWARE_ANALYSIS,SIEM_LOGS,ENDPOINT_LOGS,USER_ACTIVITY_LOGS,NETWORK_CAPTURE",True,MISCONFIGURATION,True,CONFIGURATION_UPDATED,"Detailed investigation performed with evidence validation, root cause analysis and remediation tracking",0.32
INV_00072,ALERT_00072,ANL_024,CSE_001,VENDOR_DEPENDENT,3,153,5,"NETWORK_CAPTURE,SIEM_LOGS,USER_ACTIVITY_LOGS,ENDPOINT_LOGS,FIREWALL_LOG",False,UNKNOWN,False,NO_ACTION,Investigation completed successfully,0.61
INV_00073,ALERT_00073,ANL_009,CSE_019,VENDOR_DEPENDENT,3,46,1,MALWARE_ANALYSIS,True,INSIDER_ACTIVITY,True,CONFIGURATION_UPDATED,Checked activity and resolved issue,0.78
INV_00074,ALERT_00074,ANL_027,CSE_013,MATURE,5,127,3,"NETWORK_CAPTURE,FIREWALL_LOG,USER_ACTIVITY_LOGS",True,COMPROMISED_CREDENTIALS,True,MALWARE_REMOVED,"Detailed investigation performed with evidence validation, root cause analysis and remediation tracking",0.17
INV_00075,ALERT_00075,ANL_033,CSE_014,VENDOR_DEPENDENT,2,262,0,,True,UNPATCHED_SYSTEM,False,NO_ACTION,Reviewed evidence and performed remediation,0.62
INV_00076,ALERT_00076,ANL_003,CSE_005,OVERLOADED,4,261,4,"NETWORK_CAPTURE,ENDPOINT_LOGS,FIREWALL_LOG,SIEM_LOGS",True,COMPROMISED_CREDENTIALS,False,NO_ACTION,Investigation completed successfully,0.61
INV_00077,ALERT_00077,ANL_018,CSE_009,OVERLOADED,1,297,0,,False,UNKNOWN,False,NO_ACTION,Reviewed evidence and performed remediation,0.5
INV_00078,ALERT_00078,ANL_006,CSE_020,MATURE,5,256,6,"SIEM_LOGS,ENDPOINT_LOGS,NETWORK_CAPTURE,USER_ACTIVITY_LOGS,MALWARE_ANALYSIS,FIREWALL_LOG",True,MISCONFIGURATION,True,NO_ACTION,"Detailed investigation performed with evidence validation, root cause analysis and remediation tracking",0.31
INV_00079,ALERT_00079,ANL_041,CSE_012,NORMAL,4,293,5,"SIEM_LOGS,ENDPOINT_LOGS,USER_ACTIVITY_LOGS,FIREWALL_LOG,MALWARE_ANALYSIS",False,UNKNOWN,True,CONFIGURATION_UPDATED,Reviewed logs and closed the alert,0.74
INV_00080,ALERT_00080,ANL_012,CSE_004,VENDOR_DEPENDENT,4,165,6,"USER_ACTIVITY_LOGS,MALWARE_ANALYSIS,FIREWALL_LOG,SIEM_LOGS,ENDPOINT_LOGS,NETWORK_CAPTURE",True,MISCONFIGURATION,False,NO_ACTION,Investigation completed successfully,0.54
INV_00081,ALERT_00081,ANL_038,CSE_017,MATURE,5,263,4,"FIREWALL_LOG,USER_ACTIVITY_LOGS,MALWARE_ANALYSIS,ENDPOINT_LOGS",True,MALWARE_INFECTION,True,PASSWORD_RESET,"Detailed investigation performed with evidence validation, root cause analysis and remediation tracking",0.39
INV_00082,ALERT_00082,ANL_035,CSE_005,OVERLOADED,3,179,4,"USER_ACTIVITY_LOGS,SIEM_LOGS,NETWORK_CAPTURE,ENDPOINT_LOGS",False,UNKNOWN,False,NO_ACTION,Analysed event and closed case,0.74
INV_00083,ALERT_00083,ANL_044,CSE_007,NORMAL,2,281,0,,False,UNKNOWN,True,ACCESS_REVOKED,Reviewed logs and closed the alert,0.61
INV_00084,ALERT_00084,ANL_029,CSE_018,NORMAL,3,278,0,,True,UNPATCHED_SYSTEM,True,ACCESS_REVOKED,Checked activity and resolved issue,0.53
INV_00085,ALERT_00085,ANL_045,CSE_001,VENDOR_DEPENDENT,3,259,1,USER_ACTIVITY_LOGS,True,INSIDER_ACTIVITY,True,CONFIGURATION_UPDATED,Checked activity and resolved issue,0.73
INV_00086,ALERT_00086,ANL_003,CSE_020,MATURE,5,142,5,"USER_ACTIVITY_LOGS,MALWARE_ANALYSIS,NETWORK_CAPTURE,FIREWALL_LOG,ENDPOINT_LOGS",True,UNKNOWN,True,PASSWORD_RESET,"Detailed investigation performed with evidence validation, root cause analysis and remediation tracking",0.1
INV_00087,ALERT_00087,ANL_015,CSE_005,OVERLOADED,2,180,0,,True,UNPATCHED_SYSTEM,False,NO_ACTION,Investigation completed successfully,0.72
INV_00088,ALERT_00088,ANL_036,CSE_018,NORMAL,2,269,0,,True,COMPROMISED_CREDENTIALS,False,NO_ACTION,Checked activity and resolved issue,0.44
INV_00089,ALERT_00089,ANL_046,CSE_001,VENDOR_DEPENDENT,4,113,3,"SIEM_LOGS,FIREWALL_LOG,MALWARE_ANALYSIS",True,COMPROMISED_CREDENTIALS,False,NO_ACTION,Investigation completed successfully,0.77
INV_00090,ALERT_00090,ANL_029,CSE_016,OVERLOADED,1,133,0,,False,UNKNOWN,False,NO_ACTION,Investigation completed successfully,0.58
INV_00091,ALERT_00091,ANL_036,CSE_019,VENDOR_DEPENDENT,2,188,1,FIREWALL_LOG,False,UNKNOWN,True,ACCESS_REVOKED,Checked activity and resolved issue,0.74
INV_00092,ALERT_00092,ANL_045,CSE_005,OVERLOADED,4,155,5,"SIEM_LOGS,USER_ACTIVITY_LOGS,ENDPOINT_LOGS,NETWORK_CAPTURE,MALWARE_ANALYSIS",True,UNPATCHED_SYSTEM,False,NO_ACTION,Investigation completed successfully,0.69
INV_00093,ALERT_00093,ANL_002,CSE_014,VENDOR_DEPENDENT,3,198,1,NETWORK_CAPTURE,True,INSIDER_ACTIVITY,True,ACCESS_REVOKED,Analysed event and closed case,0.61
INV_00094,ALERT_00094,ANL_026,CSE_016,OVERLOADED,1,146,1,FIREWALL_LOG,False,UNKNOWN,False,NO_ACTION,Reviewed logs and closed the alert,0.45
INV_00095,ALERT_00095,ANL_001,CSE_014,VENDOR_DEPENDENT,2,10,4,"FIREWALL_LOG,NETWORK_CAPTURE,SIEM_LOGS,USER_ACTIVITY_LOGS",False,UNKNOWN,False,NO_ACTION,Checked activity and resolved issue,0.6
INV_00096,ALERT_00096,ANL_013,CSE_001,VENDOR_DEPENDENT,2,260,0,,False,UNKNOWN,True,PATCH_APPLIED,Reviewed evidence and performed remediation,0.8
INV_00097,ALERT_00097,ANL_018,CSE_011,VENDOR_DEPENDENT,2,181,1,ENDPOINT_LOGS,False,UNKNOWN,True,MALWARE_REMOVED,Checked activity and resolved issue,0.77
INV_00098,ALERT_00098,ANL_023,CSE_006,OVERLOADED,3,93,1,FIREWALL_LOG,True,UNPATCHED_SYSTEM,True,MALWARE_REMOVED,Investigation completed successfully,0.76
INV_00099,ALERT_00099,ANL_022,CSE_005,OVERLOADED,3,238,0,,True,UNKNOWN,True,PATCH_APPLIED,Reviewed evidence and performed remediation,0.72
INV_00100,ALERT_00100,ANL_015,CSE_015,NORMAL,2,220,0,,True,MALWARE_INFECTION,False,NO_ACTION,Analysed event and closed case,0.78
INV_00101,ALERT_00101,ANL_047,CSE_014,VENDOR_DEPENDENT,2,275,1,USER_ACTIVITY_LOGS,True,MALWARE_INFECTION,False,NO_ACTION,Reviewed evidence and performed remediation,0.7
INV_00102,ALERT_00102,ANL_021,CSE_015,NORMAL,3,276,0,,True,COMPROMISED_CREDENTIALS,True,PATCH_APPLIED,Investigation completed successfully,0.45
INV_00103,ALERT_00103,ANL_044,CSE_014,VENDOR_DEPENDENT,3,69,6,"ENDPOINT_LOGS,NETWORK_CAPTURE,USER_ACTIVITY_LOGS,MALWARE_ANALYSIS,FIREWALL_LOG,SIEM_LOGS",False,UNKNOWN,False,NO_ACTION,Reviewed evidence and performed remediation,0.54
INV_00104,ALERT_00104,ANL_047,CSE_011,VENDOR_DEPENDENT,2,2,3,"MALWARE_ANALYSIS,FIREWALL_LOG,ENDPOINT_LOGS",False,UNKNOWN,False,NO_ACTION,Reviewed evidence and performed remediation,0.61
INV_00105,ALERT_00105,ANL_005,CSE_001,VENDOR_DEPENDENT,1,131,0,,False,UNKNOWN,False,NO_ACTION,Investigation completed successfully,0.61
INV_00106,ALERT_00106,ANL_012,CSE_003,OVERLOADED,4,290,5,"ENDPOINT_LOGS,FIREWALL_LOG,USER_ACTIVITY_LOGS,SIEM_LOGS,NETWORK_CAPTURE",True,MALWARE_INFECTION,False,NO_ACTION,Checked activity and resolved issue,0.66
INV_00107,ALERT_00107,ANL_048,CSE_004,VENDOR_DEPENDENT,4,298,3,"FIREWALL_LOG,NETWORK_CAPTURE,SIEM_LOGS",True,UNPATCHED_SYSTEM,False,NO_ACTION,Reviewed logs and closed the alert,0.64
INV_00108,ALERT_00108,ANL_027,CSE_001,VENDOR_DEPENDENT,2,82,0,,True,UNKNOWN,False,NO_ACTION,Investigation completed successfully,0.75
INV_00109,ALERT_00109,ANL_024,CSE_012,NORMAL,1,215,0,,False,UNKNOWN,False,NO_ACTION,Reviewed evidence and performed remediation,0.8
INV_00110,ALERT_00110,ANL_048,CSE_017,MATURE,5,198,6,"USER_ACTIVITY_LOGS,MALWARE_ANALYSIS,FIREWALL_LOG,SIEM_LOGS,ENDPOINT_LOGS,NETWORK_CAPTURE",True,UNPATCHED_SYSTEM,True,ACCESS_REVOKED,"Detailed investigation performed with evidence validation, root cause analysis and remediation tracking",0.19
INV_00111,ALERT_00111,ANL_024,CSE_015,NORMAL,4,6,6,"SIEM_LOGS,NETWORK_CAPTURE,ENDPOINT_LOGS,FIREWALL_LOG,MALWARE_ANALYSIS,USER_ACTIVITY_LOGS",True,MALWARE_INFECTION,True,PASSWORD_RESET,Reviewed logs and closed the alert,0.4
INV_00112,ALERT_00112,ANL_050,CSE_016,OVERLOADED,2,299,0,,False,UNKNOWN,True,ACCESS_REVOKED,Analysed event and closed case,0.55
INV_00113,ALERT_00113,ANL_043,CSE_003,OVERLOADED,1,10,0,,True,MALWARE_INFECTION,False,NO_ACTION,Investigation completed successfully,0.42
INV_00114,ALERT_00114,ANL_032,CSE_014,VENDOR_DEPENDENT,0,3,0,,False,UNKNOWN,False,NO_ACTION,Investigation completed successfully,0.6
INV_00115,ALERT_00115,ANL_049,CSE_014,VENDOR_DEPENDENT,3,10,4,"USER_ACTIVITY_LOGS,NETWORK_CAPTURE,ENDPOINT_LOGS,SIEM_LOGS",True,MALWARE_INFECTION,False,NO_ACTION,Reviewed evidence and performed remediation,0.63
INV_00116,ALERT_00116,ANL_019,CSE_014,VENDOR_DEPENDENT,2,88,0,,True,UNPATCHED_SYSTEM,False,NO_ACTION,Reviewed evidence and performed remediation,0.67
INV_00117,ALERT_00117,ANL_015,CSE_008,NORMAL,2,281,0,,True,INSIDER_ACTIVITY,False,NO_ACTION,Reviewed evidence and performed remediation,0.79
INV_00118,ALERT_00118,ANL_028,CSE_002,NORMAL,3,112,5,"SIEM_LOGS,USER_ACTIVITY_LOGS,FIREWALL_LOG,MALWARE_ANALYSIS,NETWORK_CAPTURE",False,UNKNOWN,False,NO_ACTION,Investigation completed successfully,0.72
INV_00119,ALERT_00119,ANL_043,CSE_015,NORMAL,5,112,3,"FIREWALL_LOG,SIEM_LOGS,MALWARE_ANALYSIS",True,MISCONFIGURATION,True,PASSWORD_RESET,Reviewed evidence and performed remediation,0.8
INV_00120,ALERT_00120,ANL_011,CSE_019,VENDOR_DEPENDENT,3,201,0,,True,MALWARE_INFECTION,True,MALWARE_REMOVED,Reviewed evidence and performed remediation,0.54
INV_00121,ALERT_00121,ANL_018,CSE_016,OVERLOADED,2,96,0,,True,COMPROMISED_CREDENTIALS,False,NO_ACTION,Analysed event and closed case,0.75
INV_00122,ALERT_00122,ANL_026,CSE_003,OVERLOADED,4,241,3,"SIEM_LOGS,NETWORK_CAPTURE,USER_ACTIVITY_LOGS",True,INSIDER_ACTIVITY,False,NO_ACTION,Analysed event and closed case,0.41
INV_00123,ALERT_00123,ANL_003,CSE_014,VENDOR_DEPENDENT,1,157,1,MALWARE_ANALYSIS,False,UNKNOWN,False,NO_ACTION,Analysed event and closed case,0.51
INV_00124,ALERT_00124,ANL_009,CSE_019,VENDOR_DEPENDENT,1,6,0,,True,UNKNOWN,False,NO_ACTION,Checked activity and resolved issue,0.66
INV_00125,ALERT_00125,ANL_011,CSE_007,NORMAL,2,88,0,,False,UNKNOWN,True,CONFIGURATION_UPDATED,Investigation completed successfully,0.72
INV_00126,ALERT_00126,ANL_034,CSE_017,MATURE,5,67,3,"MALWARE_ANALYSIS,FIREWALL_LOG,NETWORK_CAPTURE",True,COMPROMISED_CREDENTIALS,True,PATCH_APPLIED,"Detailed investigation performed with evidence validation, root cause analysis and remediation tracking",0.38
INV_00127,ALERT_00127,ANL_035,CSE_006,OVERLOADED,1,4,0,,True,MISCONFIGURATION,False,NO_ACTION,Analysed event and closed case,0.45
INV_00128,ALERT_00128,ANL_028,CSE_005,OVERLOADED,2,87,1,MALWARE_ANALYSIS,True,MALWARE_INFECTION,False,NO_ACTION,Investigation completed successfully,0.68
INV_00129,ALERT_00129,ANL_036,CSE_011,VENDOR_DEPENDENT,1,4,0,,False,UNKNOWN,True,CONFIGURATION_UPDATED,Reviewed logs and closed the alert,0.66
INV_00130,ALERT_00130,ANL_025,CSE_010,MATURE,3,31,0,,True,MISCONFIGURATION,True,NO_ACTION,"Detailed investigation performed with evidence validation, root cause analysis and remediation tracking",0.38
INV_00131,ALERT_00131,ANL_001,CSE_003,OVERLOADED,1,167,0,,False,UNKNOWN,False,NO_ACTION,Reviewed evidence and performed remediation,0.5
INV_00132,ALERT_00132,ANL_035,CSE_014,VENDOR_DEPENDENT,1,269,0,,False,UNKNOWN,False,NO_ACTION,Reviewed logs and closed the alert,0.5
INV_00133,ALERT_00133,ANL_011,CSE_020,MATURE,4,155,4,"FIREWALL_LOG,ENDPOINT_LOGS,SIEM_LOGS,USER_ACTIVITY_LOGS",True,UNPATCHED_SYSTEM,False,NO_ACTION,"Detailed investigation performed with evidence validation, root cause analysis and remediation tracking",0.34
INV_00134,ALERT_00134,ANL_017,CSE_015,NORMAL,4,219,5,"ENDPOINT_LOGS,USER_ACTIVITY_LOGS,NETWORK_CAPTURE,MALWARE_ANALYSIS,FIREWALL_LOG",False,UNKNOWN,True,MALWARE_REMOVED,Reviewed evidence and performed remediation,0.79
INV_00135,ALERT_00135,ANL_041,CSE_002,NORMAL,5,203,3,"SIEM_LOGS,ENDPOINT_LOGS,MALWARE_ANALYSIS",True,MISCONFIGURATION,True,MALWARE_REMOVED,Reviewed evidence and performed remediation,0.75
INV_00136,ALERT_00136,ANL_045,CSE_014,VENDOR_DEPENDENT,1,8,1,FIREWALL_LOG,False,UNKNOWN,True,MALWARE_REMOVED,Checked activity and resolved issue,0.75
INV_00137,ALERT_00137,ANL_010,CSE_014,VENDOR_DEPENDENT,1,1,0,,True,MALWARE_INFECTION,False,NO_ACTION,Reviewed logs and closed the alert,0.43
INV_00138,ALERT_00138,ANL_031,CSE_003,OVERLOADED,3,8,5,"MALWARE_ANALYSIS,NETWORK_CAPTURE,FIREWALL_LOG,ENDPOINT_LOGS,USER_ACTIVITY_LOGS",False,UNKNOWN,True,PATCH_APPLIED,Investigation completed successfully,0.74
INV_00139,ALERT_00139,ANL_036,CSE_017,MATURE,5,107,4,"FIREWALL_LOG,ENDPOINT_LOGS,USER_ACTIVITY_LOGS,MALWARE_ANALYSIS",True,INSIDER_ACTIVITY,True,PATCH_APPLIED,"Detailed investigation performed with evidence validation, root cause analysis and remediation tracking",0.28
INV_00140,ALERT_00140,ANL_027,CSE_010,MATURE,3,130,1,ENDPOINT_LOGS,True,UNKNOWN,True,MALWARE_REMOVED,"Detailed investigation performed with evidence validation, root cause analysis and remediation tracking",0.32
INV_00141,ALERT_00141,ANL_001,CSE_006,OVERLOADED,2,117,1,NETWORK_CAPTURE,False,UNKNOWN,True,ACCESS_REVOKED,Checked activity and resolved issue,0.43
INV_00142,ALERT_00142,ANL_040,CSE_003,OVERLOADED,1,162,0,,False,UNKNOWN,False,NO_ACTION,Reviewed logs and closed the alert,0.47
INV_00143,ALERT_00143,ANL_041,CSE_014,VENDOR_DEPENDENT,4,4,3,"SIEM_LOGS,USER_ACTIVITY_LOGS,NETWORK_CAPTURE",True,MALWARE_INFECTION,True,ACCESS_REVOKED,Reviewed evidence and performed remediation,0.59
INV_00144,ALERT_00144,ANL_011,CSE_014,VENDOR_DEPENDENT,1,6,1,SIEM_LOGS,False,UNKNOWN,True,ACCESS_REVOKED,Reviewed logs and closed the alert,0.64
INV_00145,ALERT_00145,ANL_031,CSE_001,VENDOR_DEPENDENT,3,194,4,"SIEM_LOGS,ENDPOINT_LOGS,MALWARE_ANALYSIS,USER_ACTIVITY_LOGS",False,UNKNOWN,False,NO_ACTION,Analysed event and closed case,0.57
INV_00146,ALERT_00146,ANL_033,CSE_008,NORMAL,3,298,0,,True,UNPATCHED_SYSTEM,True,PATCH_APPLIED,Reviewed evidence and performed remediation,0.63
INV_00147,ALERT_00147,ANL_003,CSE_018,NORMAL,4,99,3,"ENDPOINT_LOGS,FIREWALL_LOG,MALWARE_ANALYSIS",False,UNKNOWN,True,CONFIGURATION_UPDATED,Checked activity and resolved issue,0.45
INV_00148,ALERT_00148,ANL_018,CSE_012,NORMAL,3,106,1,USER_ACTIVITY_LOGS,True,MISCONFIGURATION,True,ACCESS_REVOKED,Analysed event and closed case,0.74
INV_00149,ALERT_00149,ANL_033,CSE_013,MATURE,4,140,6,"NETWORK_CAPTURE,ENDPOINT_LOGS,MALWARE_ANALYSIS,SIEM_LOGS,USER_ACTIVITY_LOGS,FIREWALL_LOG",False,UNKNOWN,True,PASSWORD_RESET,"Detailed investigation performed with evidence validation, root cause analysis and remediation tracking",0.13
INV_00150,ALERT_00150,ANL_025,CSE_019,VENDOR_DEPENDENT,3,225,4,"FIREWALL_LOG,MALWARE_ANALYSIS,SIEM_LOGS,NETWORK_CAPTURE",False,UNKNOWN,False,NO_ACTION,Investigation completed successfully,0.73
INV_00151,ALERT_00151,ANL_011,CSE_002,NORMAL,2,6,4,"FIREWALL_LOG,NETWORK_CAPTURE,ENDPOINT_LOGS,MALWARE_ANALYSIS",False,UNKNOWN,False,NO_ACTION,Investigation completed successfully,0.58
INV_00152,ALERT_00152,ANL_050,CSE_003,OVERLOADED,3,38,1,USER_ACTIVITY_LOGS,True,MISCONFIGURATION,True,MALWARE_REMOVED,Reviewed logs and closed the alert,0.65
INV_00153,ALERT_00153,ANL_003,CSE_001,VENDOR_DEPENDENT,2,285,1,MALWARE_ANALYSIS,True,INSIDER_ACTIVITY,False,NO_ACTION,Checked activity and resolved issue,0.46
INV_00154,ALERT_00154,ANL_003,CSE_003,OVERLOADED,2,132,0,,True,MISCONFIGURATION,False,NO_ACTION,Investigation completed successfully,0.71
INV_00155,ALERT_00155,ANL_006,CSE_015,NORMAL,2,1,5,"MALWARE_ANALYSIS,SIEM_LOGS,ENDPOINT_LOGS,FIREWALL_LOG,NETWORK_CAPTURE",False,UNKNOWN,False,NO_ACTION,Analysed event and closed case,0.4
INV_00156,ALERT_00156,ANL_045,CSE_003,OVERLOADED,1,85,0,,False,UNKNOWN,False,NO_ACTION,Analysed event and closed case,0.54
INV_00157,ALERT_00157,ANL_025,CSE_015,NORMAL,4,250,5,"ENDPOINT_LOGS,USER_ACTIVITY_LOGS,MALWARE_ANALYSIS,FIREWALL_LOG,NETWORK_CAPTURE",False,UNKNOWN,True,ACCESS_REVOKED,Reviewed logs and closed the alert,0.7
INV_00158,ALERT_00158,ANL_024,CSE_007,NORMAL,3,5,5,"MALWARE_ANALYSIS,SIEM_LOGS,NETWORK_CAPTURE,USER_ACTIVITY_LOGS,ENDPOINT_LOGS",True,UNKNOWN,False,NO_ACTION,Investigation completed successfully,0.76
INV_00159,ALERT_00159,ANL_044,CSE_007,NORMAL,2,42,1,USER_ACTIVITY_LOGS,True,UNKNOWN,False,NO_ACTION,Investigation completed successfully,0.6
INV_00160,ALERT_00160,ANL_013,CSE_008,NORMAL,4,115,4,"ENDPOINT_LOGS,SIEM_LOGS,NETWORK_CAPTURE,USER_ACTIVITY_LOGS",False,UNKNOWN,True,MALWARE_REMOVED,Analysed event and closed case,0.62
INV_00161,ALERT_00161,ANL_011,CSE_004,VENDOR_DEPENDENT,1,267,1,USER_ACTIVITY_LOGS,False,UNKNOWN,False,NO_ACTION,Investigation completed successfully,0.44
INV_00162,ALERT_00162,ANL_015,CSE_001,VENDOR_DEPENDENT,1,3,0,,True,INSIDER_ACTIVITY,False,NO_ACTION,Reviewed logs and closed the alert,0.64
INV_00163,ALERT_00163,ANL_032,CSE_005,OVERLOADED,2,197,1,NETWORK_CAPTURE,False,UNKNOWN,True,MALWARE_REMOVED,Investigation completed successfully,0.56
INV_00164,ALERT_00164,ANL_027,CSE_018,NORMAL,3,267,4,"MALWARE_ANALYSIS,NETWORK_CAPTURE,FIREWALL_LOG,ENDPOINT_LOGS",False,UNKNOWN,False,NO_ACTION,Analysed event and closed case,0.8
INV_00165,ALERT_00165,ANL_042,CSE_016,OVERLOADED,1,151,0,,False,UNKNOWN,False,NO_ACTION,Investigation completed successfully,0.46
INV_00166,ALERT_00166,ANL_016,CSE_001,VENDOR_DEPENDENT,2,145,0,,True,COMPROMISED_CREDENTIALS,False,NO_ACTION,Checked activity and resolved issue,0.52
INV_00167,ALERT_00167,ANL_047,CSE_015,NORMAL,3,85,4,"MALWARE_ANALYSIS,ENDPOINT_LOGS,NETWORK_CAPTURE,SIEM_LOGS",False,UNKNOWN,False,NO_ACTION,Reviewed evidence and performed remediation,0.56
INV_00168,ALERT_00168,ANL_018,CSE_011,VENDOR_DEPENDENT,1,46,0,,False,UNKNOWN,False,NO_ACTION,Reviewed evidence and performed remediation,0.65
INV_00169,ALERT_00169,ANL_019,CSE_005,OVERLOADED,5,80,5,"ENDPOINT_LOGS,MALWARE_ANALYSIS,NETWORK_CAPTURE,SIEM_LOGS,FIREWALL_LOG",True,UNKNOWN,True,PASSWORD_RESET,Analysed event and closed case,0.62
INV_00170,ALERT_00170,ANL_024,CSE_001,VENDOR_DEPENDENT,1,247,1,USER_ACTIVITY_LOGS,False,UNKNOWN,False,NO_ACTION,Analysed event and closed case,0.75
INV_00171,ALERT_00171,ANL_033,CSE_013,MATURE,3,109,1,SIEM_LOGS,True,COMPROMISED_CREDENTIALS,True,PASSWORD_RESET,"Detailed investigation performed with evidence validation, root cause analysis and remediation tracking",0.1
INV_00172,ALERT_00172,ANL_024,CSE_015,NORMAL,4,58,5,"USER_ACTIVITY_LOGS,ENDPOINT_LOGS,FIREWALL_LOG,SIEM_LOGS,MALWARE_ANALYSIS",True,MALWARE_INFECTION,False,NO_ACTION,Investigation completed successfully,0.55
INV_00173,ALERT_00173,ANL_041,CSE_015,NORMAL,5,299,5,"SIEM_LOGS,NETWORK_CAPTURE,USER_ACTIVITY_LOGS,MALWARE_ANALYSIS,FIREWALL_LOG",True,UNPATCHED_SYSTEM,True,MALWARE_REMOVED,Reviewed logs and closed the alert,0.47
INV_00174,ALERT_00174,ANL_042,CSE_002,NORMAL,3,93,1,ENDPOINT_LOGS,True,INSIDER_ACTIVITY,True,PATCH_APPLIED,Analysed event and closed case,0.64
INV_00175,ALERT_00175,ANL_027,CSE_009,OVERLOADED,4,243,4,"USER_ACTIVITY_LOGS,ENDPOINT_LOGS,SIEM_LOGS,FIREWALL_LOG",False,UNKNOWN,True,NO_ACTION,Analysed event and closed case,0.55
INV_00176,ALERT_00176,ANL_001,CSE_004,VENDOR_DEPENDENT,1,292,1,USER_ACTIVITY_LOGS,False,UNKNOWN,False,NO_ACTION,Analysed event and closed case,0.71
INV_00177,ALERT_00177,ANL_018,CSE_009,OVERLOADED,4,173,3,"USER_ACTIVITY_LOGS,MALWARE_ANALYSIS,NETWORK_CAPTURE",True,MALWARE_INFECTION,False,NO_ACTION,Reviewed logs and closed the alert,0.72
INV_00178,ALERT_00178,ANL_009,CSE_018,NORMAL,2,192,0,,True,UNPATCHED_SYSTEM,False,NO_ACTION,Reviewed logs and closed the alert,0.67
INV_00179,ALERT_00179,ANL_035,CSE_001,VENDOR_DEPENDENT,0,10,1,FIREWALL_LOG,False,UNKNOWN,False,NO_ACTION,Reviewed logs and closed the alert,0.55
INV_00180,ALERT_00180,ANL_034,CSE_009,OVERLOADED,4,175,3,"ENDPOINT_LOGS,SIEM_LOGS,MALWARE_ANALYSIS",True,INSIDER_ACTIVITY,False,NO_ACTION,Reviewed logs and closed the alert,0.65
INV_00181,ALERT_00181,ANL_005,CSE_011,VENDOR_DEPENDENT,3,215,4,"NETWORK_CAPTURE,USER_ACTIVITY_LOGS,MALWARE_ANALYSIS,FIREWALL_LOG",False,UNKNOWN,False,NO_ACTION,Analysed event and closed case,0.58
INV_00182,ALERT_00182,ANL_002,CSE_003,OVERLOADED,3,49,1,MALWARE_ANALYSIS,True,COMPROMISED_CREDENTIALS,True,PASSWORD_RESET,Checked activity and resolved issue,0.57
INV_00183,ALERT_00183,ANL_016,CSE_014,VENDOR_DEPENDENT,2,221,0,,False,UNKNOWN,True,PATCH_APPLIED,Reviewed evidence and performed remediation,0.43
INV_00184,ALERT_00184,ANL_045,CSE_012,NORMAL,1,10,0,,True,MISCONFIGURATION,False,NO_ACTION,Checked activity and resolved issue,0.49
INV_00185,ALERT_00185,ANL_007,CSE_014,VENDOR_DEPENDENT,2,130,1,USER_ACTIVITY_LOGS,True,MISCONFIGURATION,False,NO_ACTION,Reviewed evidence and performed remediation,0.69
INV_00186,ALERT_00186,ANL_020,CSE_005,OVERLOADED,2,8,3,"SIEM_LOGS,NETWORK_CAPTURE,MALWARE_ANALYSIS",False,UNKNOWN,False,NO_ACTION,Reviewed logs and closed the alert,0.76
INV_00187,ALERT_00187,ANL_033,CSE_015,NORMAL,3,7,6,"FIREWALL_LOG,ENDPOINT_LOGS,NETWORK_CAPTURE,SIEM_LOGS,USER_ACTIVITY_LOGS,MALWARE_ANALYSIS",True,UNPATCHED_SYSTEM,False,NO_ACTION,Investigation completed successfully,0.66
INV_00188,ALERT_00188,ANL_012,CSE_011,VENDOR_DEPENDENT,4,161,4,"NETWORK_CAPTURE,FIREWALL_LOG,SIEM_LOGS,ENDPOINT_LOGS",False,UNKNOWN,True,ACCESS_REVOKED,Investigation completed successfully,0.66
INV_00189,ALERT_00189,ANL_036,CSE_006,OVERLOADED,4,120,6,"MALWARE_ANALYSIS,FIREWALL_LOG,SIEM_LOGS,ENDPOINT_LOGS,USER_ACTIVITY_LOGS,NETWORK_CAPTURE",True,MISCONFIGURATION,False,NO_ACTION,Analysed event and closed case,0.61
INV_00190,ALERT_00190,ANL_019,CSE_014,VENDOR_DEPENDENT,4,3,4,"USER_ACTIVITY_LOGS,MALWARE_ANALYSIS,FIREWALL_LOG,NETWORK_CAPTURE",True,COMPROMISED_CREDENTIALS,True,NO_ACTION,Reviewed evidence and performed remediation,0.41
INV_00191,ALERT_00191,ANL_034,CSE_001,VENDOR_DEPENDENT,0,6,1,USER_ACTIVITY_LOGS,False,UNKNOWN,False,NO_ACTION,Checked activity and resolved issue,0.54
INV_00192,ALERT_00192,ANL_019,CSE_012,NORMAL,4,66,4,"MALWARE_ANALYSIS,USER_ACTIVITY_LOGS,SIEM_LOGS,ENDPOINT_LOGS",True,INSIDER_ACTIVITY,False,NO_ACTION,Analysed event and closed case,0.72
INV_00193,ALERT_00193,ANL_007,CSE_007,NORMAL,1,238,1,MALWARE_ANALYSIS,False,UNKNOWN,False,NO_ACTION,Checked activity and resolved issue,0.45
INV_00194,ALERT_00194,ANL_016,CSE_020,MATURE,5,249,5,"FIREWALL_LOG,SIEM_LOGS,ENDPOINT_LOGS,MALWARE_ANALYSIS,USER_ACTIVITY_LOGS",True,MISCONFIGURATION,True,CONFIGURATION_UPDATED,"Detailed investigation performed with evidence validation, root cause analysis and remediation tracking",0.22
INV_00195,ALERT_00195,ANL_003,CSE_011,VENDOR_DEPENDENT,3,62,1,FIREWALL_LOG,True,UNPATCHED_SYSTEM,True,NO_ACTION,Reviewed evidence and performed remediation,0.47
INV_00196,ALERT_00196,ANL_009,CSE_018,NORMAL,5,63,5,"ENDPOINT_LOGS,FIREWALL_LOG,SIEM_LOGS,NETWORK_CAPTURE,MALWARE_ANALYSIS",True,UNKNOWN,True,CONFIGURATION_UPDATED,Investigation completed successfully,0.6
INV_00197,ALERT_00197,ANL_015,CSE_005,OVERLOADED,3,36,4,"MALWARE_ANALYSIS,SIEM_LOGS,USER_ACTIVITY_LOGS,FIREWALL_LOG",False,UNKNOWN,False,NO_ACTION,Analysed event and closed case,0.44
INV_00198,ALERT_00198,ANL_028,CSE_017,MATURE,4,271,6,"ENDPOINT_LOGS,SIEM_LOGS,MALWARE_ANALYSIS,FIREWALL_LOG,NETWORK_CAPTURE,USER_ACTIVITY_LOGS",True,MALWARE_INFECTION,False,NO_ACTION,"Detailed investigation performed with evidence validation, root cause analysis and remediation tracking",0.4
INV_00199,ALERT_00199,ANL_026,CSE_002,NORMAL,5,41,5,"SIEM_LOGS,FIREWALL_LOG,ENDPOINT_LOGS,USER_ACTIVITY_LOGS,MALWARE_ANALYSIS",True,COMPROMISED_CREDENTIALS,True,PATCH_APPLIED,Reviewed logs and closed the alert,0.52
INV_00200,ALERT_00200,ANL_027,CSE_014,VENDOR_DEPENDENT,3,7,3,"FIREWALL_LOG,USER_ACTIVITY_LOGS,SIEM_LOGS",False,UNKNOWN,True,CONFIGURATION_UPDATED,Investigation completed successfully,0.62
INV_00201,ALERT_00201,ANL_030,CSE_012,NORMAL,3,242,6,"ENDPOINT_LOGS,NETWORK_CAPTURE,FIREWALL_LOG,USER_ACTIVITY_LOGS,SIEM_LOGS,MALWARE_ANALYSIS",False,UNKNOWN,False,NO_ACTION,Reviewed logs and closed the alert,0.56
INV_00202,ALERT_00202,ANL_006,CSE_014,VENDOR_DEPENDENT,3,182,0,,True,MISCONFIGURATION,True,NO_ACTION,Checked activity and resolved issue,0.63
INV_00203,ALERT_00203,ANL_018,CSE_014,VENDOR_DEPENDENT,3,42,3,"USER_ACTIVITY_LOGS,ENDPOINT_LOGS,FIREWALL_LOG",False,UNKNOWN,False,NO_ACTION,Reviewed logs and closed the alert,0.67
INV_00204,ALERT_00204,ANL_044,CSE_001,VENDOR_DEPENDENT,5,58,6,"NETWORK_CAPTURE,SIEM_LOGS,MALWARE_ANALYSIS,ENDPOINT_LOGS,USER_ACTIVITY_LOGS,FIREWALL_LOG",True,UNKNOWN,True,NO_ACTION,Reviewed logs and closed the alert,0.62
INV_00205,ALERT_00205,ANL_027,CSE_003,OVERLOADED,4,278,4,"NETWORK_CAPTURE,ENDPOINT_LOGS,USER_ACTIVITY_LOGS,MALWARE_ANALYSIS",True,MISCONFIGURATION,False,NO_ACTION,Checked activity and resolved issue,0.72
INV_00206,ALERT_00206,ANL_048,CSE_012,NORMAL,2,190,0,,False,UNKNOWN,True,PATCH_APPLIED,Checked activity and resolved issue,0.47
INV_00207,ALERT_00207,ANL_023,CSE_010,MATURE,2,142,1,ENDPOINT_LOGS,False,UNKNOWN,True,MALWARE_REMOVED,"Detailed investigation performed with evidence validation, root cause analysis and remediation tracking",0.29
INV_00208,ALERT_00208,ANL_022,CSE_018,NORMAL,2,164,0,,True,INSIDER_ACTIVITY,False,NO_ACTION,Reviewed evidence and performed remediation,0.6
INV_00209,ALERT_00209,ANL_025,CSE_007,NORMAL,1,260,1,FIREWALL_LOG,False,UNKNOWN,False,NO_ACTION,Analysed event and closed case,0.71
INV_00210,ALERT_00210,ANL_032,CSE_012,NORMAL,1,9,1,USER_ACTIVITY_LOGS,True,UNPATCHED_SYSTEM,False,NO_ACTION,Investigation completed successfully,0.64
INV_00211,ALERT_00211,ANL_028,CSE_018,NORMAL,1,136,0,,False,UNKNOWN,False,NO_ACTION,Reviewed evidence and performed remediation,0.47
INV_00212,ALERT_00212,ANL_011,CSE_005,OVERLOADED,4,99,4,"FIREWALL_LOG,MALWARE_ANALYSIS,USER_ACTIVITY_LOGS,NETWORK_CAPTURE",True,COMPROMISED_CREDENTIALS,False,NO_ACTION,Reviewed logs and closed the alert,0.44
INV_00213,ALERT_00213,ANL_028,CSE_017,MATURE,5,106,4,"MALWARE_ANALYSIS,FIREWALL_LOG,SIEM_LOGS,NETWORK_CAPTURE",True,UNPATCHED_SYSTEM,True,CONFIGURATION_UPDATED,"Detailed investigation performed with evidence validation, root cause analysis and remediation tracking",0.11
INV_00214,ALERT_00214,ANL_009,CSE_002,NORMAL,4,232,3,"FIREWALL_LOG,SIEM_LOGS,MALWARE_ANALYSIS",False,UNKNOWN,True,ACCESS_REVOKED,Reviewed evidence and performed remediation,0.42
INV_00215,ALERT_00215,ANL_049,CSE_018,NORMAL,4,227,4,"NETWORK_CAPTURE,FIREWALL_LOG,ENDPOINT_LOGS,SIEM_LOGS",True,COMPROMISED_CREDENTIALS,False,NO_ACTION,Reviewed logs and closed the alert,0.71
INV_00216,ALERT_00216,ANL_006,CSE_011,VENDOR_DEPENDENT,2,123,0,,True,INSIDER_ACTIVITY,False,NO_ACTION,Reviewed evidence and performed remediation,0.58
INV_00217,ALERT_00217,ANL_028,CSE_004,VENDOR_DEPENDENT,2,186,0,,True,INSIDER_ACTIVITY,False,NO_ACTION,Reviewed logs and closed the alert,0.78
INV_00218,ALERT_00218,ANL_047,CSE_015,NORMAL,1,184,1,NETWORK_CAPTURE,False,UNKNOWN,False,NO_ACTION,Investigation completed successfully,0.51
INV_00219,ALERT_00219,ANL_046,CSE_004,VENDOR_DEPENDENT,3,117,3,"NETWORK_CAPTURE,FIREWALL_LOG,ENDPOINT_LOGS",False,UNKNOWN,False,NO_ACTION,Checked activity and resolved issue,0.73
INV_00220,ALERT_00220,ANL_029,CSE_020,MATURE,5,211,5,"FIREWALL_LOG,MALWARE_ANALYSIS,NETWORK_CAPTURE,SIEM_LOGS,USER_ACTIVITY_LOGS",True,INSIDER_ACTIVITY,True,MALWARE_REMOVED,"Detailed investigation performed with evidence validation, root cause analysis and remediation tracking",0.35
INV_00221,ALERT_00221,ANL_013,CSE_009,OVERLOADED,5,253,6,"MALWARE_ANALYSIS,SIEM_LOGS,NETWORK_CAPTURE,ENDPOINT_LOGS,USER_ACTIVITY_LOGS,FIREWALL_LOG",True,MALWARE_INFECTION,True,PATCH_APPLIED,Reviewed logs and closed the alert,0.6
INV_00222,ALERT_00222,ANL_044,CSE_011,VENDOR_DEPENDENT,2,150,0,,True,MALWARE_INFECTION,False,NO_ACTION,Analysed event and closed case,0.74
INV_00223,ALERT_00223,ANL_030,CSE_011,VENDOR_DEPENDENT,4,165,3,"SIEM_LOGS,NETWORK_CAPTURE,FIREWALL_LOG",True,UNKNOWN,False,NO_ACTION,Analysed event and closed case,0.48
INV_00224,ALERT_00224,ANL_011,CSE_011,VENDOR_DEPENDENT,1,9,0,,True,COMPROMISED_CREDENTIALS,False,NO_ACTION,Reviewed evidence and performed remediation,0.43
INV_00225,ALERT_00225,ANL_043,CSE_014,VENDOR_DEPENDENT,3,237,6,"NETWORK_CAPTURE,FIREWALL_LOG,SIEM_LOGS,USER_ACTIVITY_LOGS,MALWARE_ANALYSIS,ENDPOINT_LOGS",False,UNKNOWN,False,NO_ACTION,Investigation completed successfully,0.45
INV_00226,ALERT_00226,ANL_040,CSE_019,VENDOR_DEPENDENT,2,7,5,"USER_ACTIVITY_LOGS,ENDPOINT_LOGS,NETWORK_CAPTURE,SIEM_LOGS,FIREWALL_LOG",False,UNKNOWN,False,NO_ACTION,Analysed event and closed case,0.65
INV_00227,ALERT_00227,ANL_041,CSE_002,NORMAL,5,191,3,"NETWORK_CAPTURE,ENDPOINT_LOGS,USER_ACTIVITY_LOGS",True,MISCONFIGURATION,True,PASSWORD_RESET,Analysed event and closed case,0.72
INV_00228,ALERT_00228,ANL_021,CSE_016,OVERLOADED,3,164,0,,True,MALWARE_INFECTION,True,NO_ACTION,Analysed event and closed case,0.72
INV_00229,ALERT_00229,ANL_021,CSE_010,MATURE,5,178,6,"NETWORK_CAPTURE,FIREWALL_LOG,ENDPOINT_LOGS,USER_ACTIVITY_LOGS,SIEM_LOGS,MALWARE_ANALYSIS",True,COMPROMISED_CREDENTIALS,True,PATCH_APPLIED,"Detailed investigation performed with evidence validation, root cause analysis and remediation tracking",0.1
INV_00230,ALERT_00230,ANL_010,CSE_010,MATURE,5,72,3,"MALWARE_ANALYSIS,FIREWALL_LOG,ENDPOINT_LOGS",True,MALWARE_INFECTION,True,CONFIGURATION_UPDATED,"Detailed investigation performed with evidence validation, root cause analysis and remediation tracking",0.25
INV_00231,ALERT_00231,ANL_001,CSE_005,OVERLOADED,2,223,1,SIEM_LOGS,False,UNKNOWN,True,MALWARE_REMOVED,Investigation completed successfully,0.6
INV_00232,ALERT_00232,ANL_042,CSE_008,NORMAL,4,222,6,"FIREWALL_LOG,SIEM_LOGS,USER_ACTIVITY_LOGS,MALWARE_ANALYSIS,ENDPOINT_LOGS,NETWORK_CAPTURE",False,UNKNOWN,True,ACCESS_REVOKED,Checked activity and resolved issue,0.71
INV_00233,ALERT_00233,ANL_032,CSE_014,VENDOR_DEPENDENT,4,115,6,"ENDPOINT_LOGS,SIEM_LOGS,FIREWALL_LOG,MALWARE_ANALYSIS,NETWORK_CAPTURE,USER_ACTIVITY_LOGS",True,MISCONFIGURATION,False,NO_ACTION,Reviewed evidence and performed remediation,0.54
INV_00234,ALERT_00234,ANL_009,CSE_019,VENDOR_DEPENDENT,2,299,1,NETWORK_CAPTURE,False,UNKNOWN,True,MALWARE_REMOVED,Reviewed logs and closed the alert,0.54
INV_00235,ALERT_00235,ANL_019,CSE_020,MATURE,5,71,4,"USER_ACTIVITY_LOGS,FIREWALL_LOG,ENDPOINT_LOGS,SIEM_LOGS",True,UNKNOWN,True,MALWARE_REMOVED,"Detailed investigation performed with evidence validation, root cause analysis and remediation tracking",0.29
INV_00236,ALERT_00236,ANL_025,CSE_017,MATURE,5,39,4,"SIEM_LOGS,MALWARE_ANALYSIS,ENDPOINT_LOGS,FIREWALL_LOG",True,UNKNOWN,True,CONFIGURATION_UPDATED,"Detailed investigation performed with evidence validation, root cause analysis and remediation tracking",0.29
INV_00237,ALERT_00237,ANL_032,CSE_009,OVERLOADED,2,179,0,,True,UNPATCHED_SYSTEM,False,NO_ACTION,Reviewed logs and closed the alert,0.62
INV_00238,ALERT_00238,ANL_011,CSE_015,NORMAL,4,275,3,"NETWORK_CAPTURE,USER_ACTIVITY_LOGS,ENDPOINT_LOGS",False,UNKNOWN,True,NO_ACTION,Investigation completed successfully,0.53
INV_00239,ALERT_00239,ANL_002,CSE_002,NORMAL,1,59,1,SIEM_LOGS,False,UNKNOWN,False,NO_ACTION,Investigation completed successfully,0.5
INV_00240,ALERT_00240,ANL_046,CSE_010,MATURE,5,172,3,"NETWORK_CAPTURE,USER_ACTIVITY_LOGS,FIREWALL_LOG",True,MISCONFIGURATION,True,ACCESS_REVOKED,"Detailed investigation performed with evidence validation, root cause analysis and remediation tracking",0.25
INV_00241,ALERT_00241,ANL_037,CSE_017,MATURE,5,272,6,"ENDPOINT_LOGS,NETWORK_CAPTURE,USER_ACTIVITY_LOGS,FIREWALL_LOG,MALWARE_ANALYSIS,SIEM_LOGS",True,UNKNOWN,True,PASSWORD_RESET,"Detailed investigation performed with evidence validation, root cause analysis and remediation tracking",0.1
INV_00242,ALERT_00242,ANL_039,CSE_008,NORMAL,4,285,6,"SIEM_LOGS,ENDPOINT_LOGS,USER_ACTIVITY_LOGS,FIREWALL_LOG,NETWORK_CAPTURE,MALWARE_ANALYSIS",False,UNKNOWN,True,MALWARE_REMOVED,Reviewed evidence and performed remediation,0.68
INV_00243,ALERT_00243,ANL_004,CSE_014,VENDOR_DEPENDENT,1,32,0,,False,UNKNOWN,False,NO_ACTION,Analysed event and closed case,0.5
INV_00244,ALERT_00244,ANL_026,CSE_001,VENDOR_DEPENDENT,1,135,0,,False,UNKNOWN,False,NO_ACTION,Reviewed evidence and performed remediation,0.48
INV_00245,ALERT_00245,ANL_017,CSE_001,VENDOR_DEPENDENT,3,293,6,"USER_ACTIVITY_LOGS,NETWORK_CAPTURE,MALWARE_ANALYSIS,ENDPOINT_LOGS,FIREWALL_LOG,SIEM_LOGS",False,UNKNOWN,False,NO_ACTION,Analysed event and closed case,0.66
INV_00246,ALERT_00246,ANL_035,CSE_006,OVERLOADED,3,10,6,"FIREWALL_LOG,NETWORK_CAPTURE,ENDPOINT_LOGS,MALWARE_ANALYSIS,USER_ACTIVITY_LOGS,SIEM_LOGS",True,UNPATCHED_SYSTEM,False,NO_ACTION,Reviewed evidence and performed remediation,0.71
INV_00247,ALERT_00247,ANL_043,CSE_005,OVERLOADED,2,166,0,,True,MALWARE_INFECTION,False,NO_ACTION,Investigation completed successfully,0.8
INV_00248,ALERT_00248,ANL_025,CSE_014,VENDOR_DEPENDENT,2,3,5,"NETWORK_CAPTURE,FIREWALL_LOG,MALWARE_ANALYSIS,ENDPOINT_LOGS,USER_ACTIVITY_LOGS",False,UNKNOWN,False,NO_ACTION,Reviewed logs and closed the alert,0.51
INV_00249,ALERT_00249,ANL_006,CSE_010,MATURE,5,78,3,"ENDPOINT_LOGS,NETWORK_CAPTURE,SIEM_LOGS",True,COMPROMISED_CREDENTIALS,True,MALWARE_REMOVED,"Detailed investigation performed with evidence validation, root cause analysis and remediation tracking",0.14
INV_00250,ALERT_00250,ANL_013,CSE_003,OVERLOADED,4,274,6,"SIEM_LOGS,FIREWALL_LOG,MALWARE_ANALYSIS,ENDPOINT_LOGS,NETWORK_CAPTURE,USER_ACTIVITY_LOGS",False,UNKNOWN,True,MALWARE_REMOVED,Analysed event and closed case,0.77
INV_00251,ALERT_00251,ANL_039,CSE_015,NORMAL,3,239,1,USER_ACTIVITY_LOGS,True,UNKNOWN,True,PASSWORD_RESET,Analysed event and closed case,0.8
INV_00252,ALERT_00252,ANL_041,CSE_012,NORMAL,3,2,4,"MALWARE_ANALYSIS,NETWORK_CAPTURE,SIEM_LOGS,FIREWALL_LOG",True,MISCONFIGURATION,False,NO_ACTION,Investigation completed successfully,0.53
INV_00253,ALERT_00253,ANL_011,CSE_001,VENDOR_DEPENDENT,3,5,6,"MALWARE_ANALYSIS,USER_ACTIVITY_LOGS,FIREWALL_LOG,NETWORK_CAPTURE,SIEM_LOGS,ENDPOINT_LOGS",True,COMPROMISED_CREDENTIALS,False,NO_ACTION,Investigation completed successfully,0.65
INV_00254,ALERT_00254,ANL_013,CSE_015,NORMAL,4,194,3,"SIEM_LOGS,USER_ACTIVITY_LOGS,MALWARE_ANALYSIS",True,COMPROMISED_CREDENTIALS,False,NO_ACTION,Reviewed logs and closed the alert,0.75
INV_00255,ALERT_00255,ANL_034,CSE_014,VENDOR_DEPENDENT,5,77,5,"ENDPOINT_LOGS,FIREWALL_LOG,NETWORK_CAPTURE,SIEM_LOGS,MALWARE_ANALYSIS",True,COMPROMISED_CREDENTIALS,True,NO_ACTION,Investigation completed successfully,0.74
INV_00256,ALERT_00256,ANL_008,CSE_014,VENDOR_DEPENDENT,0,3,1,ENDPOINT_LOGS,False,UNKNOWN,False,NO_ACTION,Analysed event and closed case,0.41
INV_00257,ALERT_00257,ANL_044,CSE_010,MATURE,5,284,5,"SIEM_LOGS,USER_ACTIVITY_LOGS,MALWARE_ANALYSIS,NETWORK_CAPTURE,ENDPOINT_LOGS",True,MALWARE_INFECTION,True,NO_ACTION,"Detailed investigation performed with evidence validation, root cause analysis and remediation tracking",0.28
INV_00258,ALERT_00258,ANL_027,CSE_003,OVERLOADED,3,68,6,"USER_ACTIVITY_LOGS,MALWARE_ANALYSIS,FIREWALL_LOG,SIEM_LOGS,NETWORK_CAPTURE,ENDPOINT_LOGS",False,UNKNOWN,False,NO_ACTION,Reviewed logs and closed the alert,0.66
INV_00259,ALERT_00259,ANL_039,CSE_013,MATURE,4,219,3,"FIREWALL_LOG,NETWORK_CAPTURE,SIEM_LOGS",False,UNKNOWN,True,MALWARE_REMOVED,"Detailed investigation performed with evidence validation, root cause analysis and remediation tracking",0.29
INV_00260,ALERT_00260,ANL_013,CSE_014,VENDOR_DEPENDENT,1,166,1,SIEM_LOGS,False,UNKNOWN,False,NO_ACTION,Analysed event and closed case,0.66
INV_00261,ALERT_00261,ANL_014,CSE_014,VENDOR_DEPENDENT,2,4,1,USER_ACTIVITY_LOGS,True,MALWARE_INFECTION,True,MALWARE_REMOVED,Reviewed logs and closed the alert,0.45
INV_00262,ALERT_00262,ANL_027,CSE_005,OVERLOADED,3,183,5,"FIREWALL_LOG,MALWARE_ANALYSIS,ENDPOINT_LOGS,USER_ACTIVITY_LOGS,SIEM_LOGS",False,UNKNOWN,False,NO_ACTION,Reviewed logs and closed the alert,0.62
INV_00263,ALERT_00263,ANL_004,CSE_014,VENDOR_DEPENDENT,3,72,4,"ENDPOINT_LOGS,FIREWALL_LOG,MALWARE_ANALYSIS,NETWORK_CAPTURE",False,UNKNOWN,False,NO_ACTION,Reviewed evidence and performed remediation,0.78
INV_00264,ALERT_00264,ANL_005,CSE_018,NORMAL,2,1,0,,True,UNKNOWN,True,PASSWORD_RESET,Analysed event and closed case,0.66
INV_00265,ALERT_00265,ANL_044,CSE_005,OVERLOADED,5,57,5,"NETWORK_CAPTURE,MALWARE_ANALYSIS,USER_ACTIVITY_LOGS,SIEM_LOGS,FIREWALL_LOG",True,MISCONFIGURATION,True,PASSWORD_RESET,Reviewed evidence and performed remediation,0.67
INV_00266,ALERT_00266,ANL_008,CSE_004,VENDOR_DEPENDENT,2,40,1,NETWORK_CAPTURE,False,UNKNOWN,True,PASSWORD_RESET,Checked activity and resolved issue,0.78
INV_00267,ALERT_00267,ANL_014,CSE_019,VENDOR_DEPENDENT,0,7,1,FIREWALL_LOG,False,UNKNOWN,False,NO_ACTION,Analysed event and closed case,0.49
INV_00268,ALERT_00268,ANL_020,CSE_007,NORMAL,3,295,1,USER_ACTIVITY_LOGS,True,COMPROMISED_CREDENTIALS,True,ACCESS_REVOKED,Checked activity and resolved issue,0.77
INV_00269,ALERT_00269,ANL_035,CSE_013,MATURE,3,180,0,,True,COMPROMISED_CREDENTIALS,True,MALWARE_REMOVED,"Detailed investigation performed with evidence validation, root cause analysis and remediation tracking",0.17
INV_00270,ALERT_00270,ANL_012,CSE_020,MATURE,2,269,1,NETWORK_CAPTURE,True,UNPATCHED_SYSTEM,False,NO_ACTION,"Detailed investigation performed with evidence validation, root cause analysis and remediation tracking",0.25
INV_00271,ALERT_00271,ANL_036,CSE_011,VENDOR_DEPENDENT,1,72,1,MALWARE_ANALYSIS,False,UNKNOWN,False,NO_ACTION,Checked activity and resolved issue,0.79
INV_00272,ALERT_00272,ANL_004,CSE_004,VENDOR_DEPENDENT,3,206,6,"FIREWALL_LOG,NETWORK_CAPTURE,USER_ACTIVITY_LOGS,SIEM_LOGS,MALWARE_ANALYSIS,ENDPOINT_LOGS",False,UNKNOWN,False,NO_ACTION,Checked activity and resolved issue,0.5
INV_00273,ALERT_00273,ANL_040,CSE_015,NORMAL,4,93,3,"ENDPOINT_LOGS,MALWARE_ANALYSIS,SIEM_LOGS",False,UNKNOWN,True,PASSWORD_RESET,Investigation completed successfully,0.77
INV_00274,ALERT_00274,ANL_005,CSE_005,OVERLOADED,3,67,1,MALWARE_ANALYSIS,True,COMPROMISED_CREDENTIALS,True,CONFIGURATION_UPDATED,Investigation completed successfully,0.76
INV_00275,ALERT_00275,ANL_028,CSE_015,NORMAL,2,119,1,USER_ACTIVITY_LOGS,True,UNKNOWN,False,NO_ACTION,Analysed event and closed case,0.74
INV_00276,ALERT_00276,ANL_009,CSE_016,OVERLOADED,3,65,1,FIREWALL_LOG,True,UNPATCHED_SYSTEM,True,PATCH_APPLIED,Analysed event and closed case,0.53
INV_00277,ALERT_00277,ANL_024,CSE_008,NORMAL,1,9,0,,True,UNPATCHED_SYSTEM,False,NO_ACTION,Reviewed logs and closed the alert,0.67
INV_00278,ALERT_00278,ANL_015,CSE_003,OVERLOADED,4,229,5,"USER_ACTIVITY_LOGS,MALWARE_ANALYSIS,ENDPOINT_LOGS,NETWORK_CAPTURE,SIEM_LOGS",False,UNKNOWN,True,CONFIGURATION_UPDATED,Investigation completed successfully,0.66
INV_00279,ALERT_00279,ANL_039,CSE_020,MATURE,5,192,5,"SIEM_LOGS,NETWORK_CAPTURE,ENDPOINT_LOGS,USER_ACTIVITY_LOGS,MALWARE_ANALYSIS",True,INSIDER_ACTIVITY,True,NO_ACTION,"Detailed investigation performed with evidence validation, root cause analysis and remediation tracking",0.34
INV_00280,ALERT_00280,ANL_020,CSE_001,VENDOR_DEPENDENT,2,178,0,,True,INSIDER_ACTIVITY,False,NO_ACTION,Reviewed logs and closed the alert,0.7
INV_00281,ALERT_00281,ANL_041,CSE_010,MATURE,2,42,1,MALWARE_ANALYSIS,False,UNKNOWN,True,PASSWORD_RESET,"Detailed investigation performed with evidence validation, root cause analysis and remediation tracking",0.25
INV_00282,ALERT_00282,ANL_008,CSE_003,OVERLOADED,2,75,0,,True,INSIDER_ACTIVITY,False,NO_ACTION,Reviewed evidence and performed remediation,0.75
INV_00283,ALERT_00283,ANL_002,CSE_014,VENDOR_DEPENDENT,2,6,4,"SIEM_LOGS,ENDPOINT_LOGS,USER_ACTIVITY_LOGS,NETWORK_CAPTURE",False,UNKNOWN,False,NO_ACTION,Analysed event and closed case,0.65
INV_00284,ALERT_00284,ANL_006,CSE_019,VENDOR_DEPENDENT,4,7,3,"ENDPOINT_LOGS,NETWORK_CAPTURE,SIEM_LOGS",True,MISCONFIGURATION,True,CONFIGURATION_UPDATED,Analysed event and closed case,0.58
INV_00285,ALERT_00285,ANL_018,CSE_005,OVERLOADED,4,256,3,"MALWARE_ANALYSIS,SIEM_LOGS,ENDPOINT_LOGS",True,UNKNOWN,False,NO_ACTION,Reviewed logs and closed the alert,0.61
INV_00286,ALERT_00286,ANL_036,CSE_014,VENDOR_DEPENDENT,0,7,0,,False,UNKNOWN,False,NO_ACTION,Analysed event and closed case,0.46
INV_00287,ALERT_00287,ANL_049,CSE_016,OVERLOADED,3,38,5,"NETWORK_CAPTURE,ENDPOINT_LOGS,SIEM_LOGS,FIREWALL_LOG,USER_ACTIVITY_LOGS",False,UNKNOWN,False,NO_ACTION,Reviewed evidence and performed remediation,0.69
INV_00288,ALERT_00288,ANL_011,CSE_016,OVERLOADED,3,80,0,,True,COMPROMISED_CREDENTIALS,True,ACCESS_REVOKED,Reviewed evidence and performed remediation,0.75
INV_00289,ALERT_00289,ANL_022,CSE_019,VENDOR_DEPENDENT,1,7,1,MALWARE_ANALYSIS,True,COMPROMISED_CREDENTIALS,False,NO_ACTION,Analysed event and closed case,0.55
INV_00290,ALERT_00290,ANL_017,CSE_006,OVERLOADED,2,1,5,"FIREWALL_LOG,ENDPOINT_LOGS,MALWARE_ANALYSIS,NETWORK_CAPTURE,SIEM_LOGS",False,UNKNOWN,False,NO_ACTION,Reviewed evidence and performed remediation,0.71
INV_00291,ALERT_00291,ANL_002,CSE_018,NORMAL,3,283,4,"USER_ACTIVITY_LOGS,MALWARE_ANALYSIS,ENDPOINT_LOGS,SIEM_LOGS",False,UNKNOWN,False,NO_ACTION,Reviewed logs and closed the alert,0.7
INV_00292,ALERT_00292,ANL_010,CSE_012,NORMAL,1,196,1,ENDPOINT_LOGS,False,UNKNOWN,False,NO_ACTION,Reviewed evidence and performed remediation,0.73
INV_00293,ALERT_00293,ANL_004,CSE_018,NORMAL,3,155,3,"MALWARE_ANALYSIS,ENDPOINT_LOGS,USER_ACTIVITY_LOGS",False,UNKNOWN,False,NO_ACTION,Reviewed logs and closed the alert,0.47
INV_00294,ALERT_00294,ANL_016,CSE_018,NORMAL,5,259,6,"ENDPOINT_LOGS,NETWORK_CAPTURE,SIEM_LOGS,MALWARE_ANALYSIS,USER_ACTIVITY_LOGS,FIREWALL_LOG",True,MALWARE_INFECTION,True,PATCH_APPLIED,Reviewed logs and closed the alert,0.49
INV_00295,ALERT_00295,ANL_007,CSE_012,NORMAL,4,61,3,"USER_ACTIVITY_LOGS,FIREWALL_LOG,MALWARE_ANALYSIS",False,UNKNOWN,True,MALWARE_REMOVED,Analysed event and closed case,0.51
INV_00296,ALERT_00296,ANL_007,CSE_015,NORMAL,2,238,0,,False,UNKNOWN,True,ACCESS_REVOKED,Reviewed logs and closed the alert,0.64
INV_00297,ALERT_00297,ANL_020,CSE_005,OVERLOADED,5,56,3,"USER_ACTIVITY_LOGS,SIEM_LOGS,NETWORK_CAPTURE",True,UNKNOWN,True,PASSWORD_RESET,Investigation completed successfully,0.8
INV_00298,ALERT_00298,ANL_025,CSE_016,OVERLOADED,4,290,3,"NETWORK_CAPTURE,USER_ACTIVITY_LOGS,ENDPOINT_LOGS",True,MALWARE_INFECTION,False,NO_ACTION,Analysed event and closed case,0.74
INV_00299,ALERT_00299,ANL_048,CSE_014,VENDOR_DEPENDENT,3,154,0,,True,UNKNOWN,True,MALWARE_REMOVED,Reviewed evidence and performed remediation,0.43
INV_00300,ALERT_00300,ANL_009,CSE_011,VENDOR_DEPENDENT,1,6,0,,True,INSIDER_ACTIVITY,False,NO_ACTION,Reviewed logs and closed the alert,0.79
INV_00301,ALERT_00301,ANL_034,CSE_011,VENDOR_DEPENDENT,1,4,0,,False,UNKNOWN,True,NO_ACTION,Reviewed evidence and performed remediation,0.42
INV_00302,ALERT_00302,ANL_033,CSE_011,VENDOR_DEPENDENT,0,9,0,,False,UNKNOWN,False,NO_ACTION,Reviewed evidence and performed remediation,0.73
INV_00303,ALERT_00303,ANL_032,CSE_006,OVERLOADED,4,90,4,"MALWARE_ANALYSIS,ENDPOINT_LOGS,NETWORK_CAPTURE,SIEM_LOGS",True,COMPROMISED_CREDENTIALS,False,NO_ACTION,Analysed event and closed case,0.59
INV_00304,ALERT_00304,ANL_029,CSE_009,OVERLOADED,3,233,1,USER_ACTIVITY_LOGS,True,MISCONFIGURATION,True,NO_ACTION,Reviewed evidence and performed remediation,0.45
INV_00305,ALERT_00305,ANL_002,CSE_001,VENDOR_DEPENDENT,0,8,1,MALWARE_ANALYSIS,False,UNKNOWN,False,NO_ACTION,Investigation completed successfully,0.73
INV_00306,ALERT_00306,ANL_036,CSE_005,OVERLOADED,1,163,0,,False,UNKNOWN,False,NO_ACTION,Investigation completed successfully,0.75
INV_00307,ALERT_00307,ANL_035,CSE_011,VENDOR_DEPENDENT,2,143,1,NETWORK_CAPTURE,True,UNKNOWN,False,NO_ACTION,Reviewed evidence and performed remediation,0.78
INV_00308,ALERT_00308,ANL_042,CSE_001,VENDOR_DEPENDENT,0,4,1,SIEM_LOGS,False,UNKNOWN,False,NO_ACTION,Reviewed evidence and performed remediation,0.4
INV_00309,ALERT_00309,ANL_048,CSE_020,MATURE,4,9,6,"ENDPOINT_LOGS,USER_ACTIVITY_LOGS,MALWARE_ANALYSIS,FIREWALL_LOG,SIEM_LOGS,NETWORK_CAPTURE",True,INSIDER_ACTIVITY,True,PATCH_APPLIED,"Detailed investigation performed with evidence validation, root cause analysis and remediation tracking",0.31
INV_00310,ALERT_00310,ANL_025,CSE_005,OVERLOADED,5,121,3,"SIEM_LOGS,NETWORK_CAPTURE,USER_ACTIVITY_LOGS",True,MALWARE_INFECTION,True,CONFIGURATION_UPDATED,Analysed event and closed case,0.57
INV_00311,ALERT_00311,ANL_035,CSE_008,NORMAL,1,267,0,,False,UNKNOWN,False,NO_ACTION,Reviewed evidence and performed remediation,0.55
INV_00312,ALERT_00312,ANL_014,CSE_019,VENDOR_DEPENDENT,2,298,1,MALWARE_ANALYSIS,True,UNKNOWN,False,NO_ACTION,Investigation completed successfully,0.4
INV_00313,ALERT_00313,ANL_011,CSE_015,NORMAL,5,232,3,"SIEM_LOGS,NETWORK_CAPTURE,FIREWALL_LOG",True,INSIDER_ACTIVITY,True,ACCESS_REVOKED,Analysed event and closed case,0.57
INV_00314,ALERT_00314,ANL_003,CSE_016,OVERLOADED,4,208,3,"ENDPOINT_LOGS,SIEM_LOGS,NETWORK_CAPTURE",True,MALWARE_INFECTION,False,NO_ACTION,Checked activity and resolved issue,0.46
INV_00315,ALERT_00315,ANL_038,CSE_012,NORMAL,1,211,1,ENDPOINT_LOGS,False,UNKNOWN,False,NO_ACTION,Reviewed logs and closed the alert,0.6
INV_00316,ALERT_00316,ANL_027,CSE_006,OVERLOADED,2,8,1,SIEM_LOGS,True,COMPROMISED_CREDENTIALS,True,CONFIGURATION_UPDATED,Investigation completed successfully,0.68
INV_00317,ALERT_00317,ANL_015,CSE_005,OVERLOADED,3,287,4,"MALWARE_ANALYSIS,NETWORK_CAPTURE,ENDPOINT_LOGS,SIEM_LOGS",False,UNKNOWN,False,NO_ACTION,Analysed event and closed case,0.44
INV_00318,ALERT_00318,ANL_012,CSE_011,VENDOR_DEPENDENT,4,248,3,"MALWARE_ANALYSIS,SIEM_LOGS,ENDPOINT_LOGS",False,UNKNOWN,True,ACCESS_REVOKED,Analysed event and closed case,0.56
INV_00319,ALERT_00319,ANL_011,CSE_005,OVERLOADED,4,6,3,"NETWORK_CAPTURE,MALWARE_ANALYSIS,USER_ACTIVITY_LOGS",True,COMPROMISED_CREDENTIALS,True,MALWARE_REMOVED,Analysed event and closed case,0.52
INV_00320,ALERT_00320,ANL_022,CSE_014,VENDOR_DEPENDENT,2,1,1,MALWARE_ANALYSIS,True,UNPATCHED_SYSTEM,True,PASSWORD_RESET,Checked activity and resolved issue,0.72
INV_00321,ALERT_00321,ANL_006,CSE_005,OVERLOADED,1,43,0,,False,UNKNOWN,False,NO_ACTION,Reviewed logs and closed the alert,0.6
INV_00322,ALERT_00322,ANL_013,CSE_011,VENDOR_DEPENDENT,1,51,1,USER_ACTIVITY_LOGS,False,UNKNOWN,False,NO_ACTION,Reviewed evidence and performed remediation,0.57
INV_00323,ALERT_00323,ANL_039,CSE_003,OVERLOADED,1,279,1,ENDPOINT_LOGS,False,UNKNOWN,False,NO_ACTION,Reviewed logs and closed the alert,0.7
INV_00324,ALERT_00324,ANL_031,CSE_003,OVERLOADED,3,210,6,"ENDPOINT_LOGS,FIREWALL_LOG,MALWARE_ANALYSIS,USER_ACTIVITY_LOGS,NETWORK_CAPTURE,SIEM_LOGS",False,UNKNOWN,False,NO_ACTION,Investigation completed successfully,0.67
INV_00325,ALERT_00325,ANL_032,CSE_016,OVERLOADED,3,292,1,USER_ACTIVITY_LOGS,True,COMPROMISED_CREDENTIALS,True,MALWARE_REMOVED,Reviewed logs and closed the alert,0.62
INV_00326,ALERT_00326,ANL_047,CSE_006,OVERLOADED,2,57,0,,True,MISCONFIGURATION,False,NO_ACTION,Investigation completed successfully,0.46
INV_00327,ALERT_00327,ANL_034,CSE_005,OVERLOADED,3,70,5,"ENDPOINT_LOGS,USER_ACTIVITY_LOGS,FIREWALL_LOG,SIEM_LOGS,NETWORK_CAPTURE",False,UNKNOWN,False,NO_ACTION,Investigation completed successfully,0.54
INV_00328,ALERT_00328,ANL_029,CSE_006,OVERLOADED,2,56,1,MALWARE_ANALYSIS,False,UNKNOWN,True,PATCH_APPLIED,Investigation completed successfully,0.77
INV_00329,ALERT_00329,ANL_027,CSE_005,OVERLOADED,4,157,5,"FIREWALL_LOG,USER_ACTIVITY_LOGS,MALWARE_ANALYSIS,NETWORK_CAPTURE,ENDPOINT_LOGS",True,MISCONFIGURATION,False,NO_ACTION,Investigation completed successfully,0.51
INV_00330,ALERT_00330,ANL_030,CSE_020,MATURE,4,170,5,"ENDPOINT_LOGS,USER_ACTIVITY_LOGS,MALWARE_ANALYSIS,FIREWALL_LOG,SIEM_LOGS",True,INSIDER_ACTIVITY,False,NO_ACTION,"Detailed investigation performed with evidence validation, root cause analysis and remediation tracking",0.32
INV_00331,ALERT_00331,ANL_023,CSE_014,VENDOR_DEPENDENT,2,269,0,,True,COMPROMISED_CREDENTIALS,False,NO_ACTION,Reviewed logs and closed the alert,0.49
INV_00332,ALERT_00332,ANL_010,CSE_008,NORMAL,3,75,1,NETWORK_CAPTURE,True,MISCONFIGURATION,True,PASSWORD_RESET,Analysed event and closed case,0.44
INV_00333,ALERT_00333,ANL_006,CSE_010,MATURE,4,118,5,"MALWARE_ANALYSIS,USER_ACTIVITY_LOGS,FIREWALL_LOG,ENDPOINT_LOGS,NETWORK_CAPTURE",True,INSIDER_ACTIVITY,False,NO_ACTION,"Detailed investigation performed with evidence validation, root cause analysis and remediation tracking",0.31
INV_00334,ALERT_00334,ANL_008,CSE_011,VENDOR_DEPENDENT,1,10,1,MALWARE_ANALYSIS,False,UNKNOWN,True,CONFIGURATION_UPDATED,Reviewed evidence and performed remediation,0.48
INV_00335,ALERT_00335,ANL_035,CSE_003,OVERLOADED,3,252,0,,True,MISCONFIGURATION,True,PATCH_APPLIED,Reviewed logs and closed the alert,0.46
INV_00336,ALERT_00336,ANL_034,CSE_020,MATURE,5,260,6,"ENDPOINT_LOGS,USER_ACTIVITY_LOGS,SIEM_LOGS,NETWORK_CAPTURE,FIREWALL_LOG,MALWARE_ANALYSIS",True,MISCONFIGURATION,True,NO_ACTION,"Detailed investigation performed with evidence validation, root cause analysis and remediation tracking",0.13
INV_00337,ALERT_00337,ANL_034,CSE_006,OVERLOADED,5,281,3,"USER_ACTIVITY_LOGS,MALWARE_ANALYSIS,ENDPOINT_LOGS",True,MALWARE_INFECTION,True,ACCESS_REVOKED,Reviewed logs and closed the alert,0.57
INV_00338,ALERT_00338,ANL_046,CSE_009,OVERLOADED,4,253,5,"NETWORK_CAPTURE,FIREWALL_LOG,ENDPOINT_LOGS,SIEM_LOGS,USER_ACTIVITY_LOGS",True,UNKNOWN,False,NO_ACTION,Analysed event and closed case,0.47
INV_00339,ALERT_00339,ANL_009,CSE_015,NORMAL,4,180,6,"SIEM_LOGS,ENDPOINT_LOGS,NETWORK_CAPTURE,MALWARE_ANALYSIS,FIREWALL_LOG,USER_ACTIVITY_LOGS",True,UNKNOWN,False,NO_ACTION,Reviewed evidence and performed remediation,0.41
INV_00340,ALERT_00340,ANL_008,CSE_004,VENDOR_DEPENDENT,0,8,1,USER_ACTIVITY_LOGS,False,UNKNOWN,False,NO_ACTION,Checked activity and resolved issue,0.61
INV_00341,ALERT_00341,ANL_028,CSE_007,NORMAL,2,167,0,,False,UNKNOWN,True,PATCH_APPLIED,Analysed event and closed case,0.7
INV_00342,ALERT_00342,ANL_004,CSE_016,OVERLOADED,4,256,5,"ENDPOINT_LOGS,SIEM_LOGS,MALWARE_ANALYSIS,FIREWALL_LOG,NETWORK_CAPTURE",True,COMPROMISED_CREDENTIALS,False,NO_ACTION,Reviewed logs and closed the alert,0.43
INV_00343,ALERT_00343,ANL_003,CSE_003,OVERLOADED,2,93,1,SIEM_LOGS,True,INSIDER_ACTIVITY,False,NO_ACTION,Reviewed evidence and performed remediation,0.58
INV_00344,ALERT_00344,ANL_002,CSE_011,VENDOR_DEPENDENT,0,10,1,NETWORK_CAPTURE,False,UNKNOWN,False,NO_ACTION,Investigation completed successfully,0.54
INV_00345,ALERT_00345,ANL_010,CSE_011,VENDOR_DEPENDENT,1,96,1,NETWORK_CAPTURE,False,UNKNOWN,False,NO_ACTION,Reviewed evidence and performed remediation,0.77
INV_00346,ALERT_00346,ANL_016,CSE_002,NORMAL,3,123,0,,True,MALWARE_INFECTION,True,PASSWORD_RESET,Reviewed evidence and performed remediation,0.57
INV_00347,ALERT_00347,ANL_031,CSE_016,OVERLOADED,3,203,3,"SIEM_LOGS,MALWARE_ANALYSIS,FIREWALL_LOG",False,UNKNOWN,False,NO_ACTION,Investigation completed successfully,0.77
INV_00348,ALERT_00348,ANL_020,CSE_014,VENDOR_DEPENDENT,2,78,1,ENDPOINT_LOGS,False,UNKNOWN,True,NO_ACTION,Investigation completed successfully,0.79
INV_00349,ALERT_00349,ANL_008,CSE_001,VENDOR_DEPENDENT,1,94,1,NETWORK_CAPTURE,False,UNKNOWN,False,NO_ACTION,Reviewed logs and closed the alert,0.74
INV_00350,ALERT_00350,ANL_029,CSE_003,OVERLOADED,1,75,1,SIEM_LOGS,False,UNKNOWN,False,NO_ACTION,Reviewed evidence and performed remediation,0.51
INV_00351,ALERT_00351,ANL_026,CSE_008,NORMAL,5,167,3,"FIREWALL_LOG,MALWARE_ANALYSIS,ENDPOINT_LOGS",True,INSIDER_ACTIVITY,True,PATCH_APPLIED,Checked activity and resolved issue,0.76
INV_00352,ALERT_00352,ANL_025,CSE_008,NORMAL,2,4,0,,True,INSIDER_ACTIVITY,True,MALWARE_REMOVED,Reviewed logs and closed the alert,0.79
INV_00353,ALERT_00353,ANL_039,CSE_005,OVERLOADED,2,113,0,,False,UNKNOWN,True,ACCESS_REVOKED,Reviewed logs and closed the alert,0.6
INV_00354,ALERT_00354,ANL_049,CSE_005,OVERLOADED,1,9,1,FIREWALL_LOG,False,UNKNOWN,True,CONFIGURATION_UPDATED,Investigation completed successfully,0.44
INV_00355,ALERT_00355,ANL_032,CSE_005,OVERLOADED,4,291,6,"NETWORK_CAPTURE,MALWARE_ANALYSIS,SIEM_LOGS,FIREWALL_LOG,ENDPOINT_LOGS,USER_ACTIVITY_LOGS",True,UNKNOWN,False,NO_ACTION,Analysed event and closed case,0.46
INV_00356,ALERT_00356,ANL_015,CSE_002,NORMAL,5,137,4,"FIREWALL_LOG,SIEM_LOGS,USER_ACTIVITY_LOGS,ENDPOINT_LOGS",True,MALWARE_INFECTION,True,CONFIGURATION_UPDATED,Reviewed logs and closed the alert,0.47
INV_00357,ALERT_00357,ANL_048,CSE_012,NORMAL,2,256,1,MALWARE_ANALYSIS,True,MALWARE_INFECTION,False,NO_ACTION,Checked activity and resolved issue,0.55
INV_00358,ALERT_00358,ANL_006,CSE_007,NORMAL,3,267,0,,True,MALWARE_INFECTION,True,PATCH_APPLIED,Investigation completed successfully,0.54
INV_00359,ALERT_00359,ANL_024,CSE_010,MATURE,4,280,5,"USER_ACTIVITY_LOGS,NETWORK_CAPTURE,MALWARE_ANALYSIS,FIREWALL_LOG,SIEM_LOGS",True,MISCONFIGURATION,False,NO_ACTION,"Detailed investigation performed with evidence validation, root cause analysis and remediation tracking",0.27
INV_00360,ALERT_00360,ANL_025,CSE_002,NORMAL,2,5,1,NETWORK_CAPTURE,True,MALWARE_INFECTION,True,PASSWORD_RESET,Analysed event and closed case,0.62
INV_00361,ALERT_00361,ANL_007,CSE_015,NORMAL,3,286,1,USER_ACTIVITY_LOGS,True,COMPROMISED_CREDENTIALS,True,PASSWORD_RESET,Checked activity and resolved issue,0.59
INV_00362,ALERT_00362,ANL_021,CSE_012,NORMAL,2,5,0,,True,INSIDER_ACTIVITY,True,CONFIGURATION_UPDATED,Checked activity and resolved issue,0.42
INV_00363,ALERT_00363,ANL_015,CSE_018,NORMAL,3,57,1,ENDPOINT_LOGS,True,MALWARE_INFECTION,True,PASSWORD_RESET,Reviewed evidence and performed remediation,0.78
INV_00364,ALERT_00364,ANL_007,CSE_013,MATURE,3,68,1,SIEM_LOGS,True,UNPATCHED_SYSTEM,True,PATCH_APPLIED,"Detailed investigation performed with evidence validation, root cause analysis and remediation tracking",0.27
INV_00365,ALERT_00365,ANL_019,CSE_012,NORMAL,5,93,5,"USER_ACTIVITY_LOGS,FIREWALL_LOG,ENDPOINT_LOGS,SIEM_LOGS,MALWARE_ANALYSIS",True,MALWARE_INFECTION,True,ACCESS_REVOKED,Checked activity and resolved issue,0.51
INV_00366,ALERT_00366,ANL_002,CSE_007,NORMAL,3,230,4,"SIEM_LOGS,FIREWALL_LOG,USER_ACTIVITY_LOGS,MALWARE_ANALYSIS",False,UNKNOWN,False,NO_ACTION,Investigation completed successfully,0.6
INV_00367,ALERT_00367,ANL_021,CSE_009,OVERLOADED,5,179,3,"FIREWALL_LOG,MALWARE_ANALYSIS,USER_ACTIVITY_LOGS",True,INSIDER_ACTIVITY,True,ACCESS_REVOKED,Analysed event and closed case,0.62
INV_00368,ALERT_00368,ANL_016,CSE_002,NORMAL,3,4,3,"MALWARE_ANALYSIS,ENDPOINT_LOGS,NETWORK_CAPTURE",True,UNPATCHED_SYSTEM,False,NO_ACTION,Reviewed logs and closed the alert,0.45
INV_00369,ALERT_00369,ANL_003,CSE_011,VENDOR_DEPENDENT,2,85,1,MALWARE_ANALYSIS,True,COMPROMISED_CREDENTIALS,False,NO_ACTION,Investigation completed successfully,0.56
INV_00370,ALERT_00370,ANL_048,CSE_015,NORMAL,5,192,6,"NETWORK_CAPTURE,MALWARE_ANALYSIS,ENDPOINT_LOGS,FIREWALL_LOG,SIEM_LOGS,USER_ACTIVITY_LOGS",True,UNKNOWN,True,ACCESS_REVOKED,Analysed event and closed case,0.49
INV_00371,ALERT_00371,ANL_039,CSE_008,NORMAL,4,254,4,"SIEM_LOGS,FIREWALL_LOG,NETWORK_CAPTURE,ENDPOINT_LOGS",False,UNKNOWN,True,PATCH_APPLIED,Analysed event and closed case,0.54
INV_00372,ALERT_00372,ANL_016,CSE_016,OVERLOADED,2,195,1,USER_ACTIVITY_LOGS,True,UNPATCHED_SYSTEM,False,NO_ACTION,Reviewed logs and closed the alert,0.55
INV_00373,ALERT_00373,ANL_046,CSE_012,NORMAL,5,155,3,"ENDPOINT_LOGS,FIREWALL_LOG,SIEM_LOGS",True,INSIDER_ACTIVITY,True,ACCESS_REVOKED,Reviewed logs and closed the alert,0.51
INV_00374,ALERT_00374,ANL_024,CSE_007,NORMAL,5,212,6,"FIREWALL_LOG,NETWORK_CAPTURE,USER_ACTIVITY_LOGS,SIEM_LOGS,ENDPOINT_LOGS,MALWARE_ANALYSIS",True,UNKNOWN,True,CONFIGURATION_UPDATED,Checked activity and resolved issue,0.42
INV_00375,ALERT_00375,ANL_045,CSE_006,OVERLOADED,4,8,5,"SIEM_LOGS,USER_ACTIVITY_LOGS,ENDPOINT_LOGS,NETWORK_CAPTURE,MALWARE_ANALYSIS",True,UNPATCHED_SYSTEM,True,PATCH_APPLIED,Reviewed evidence and performed remediation,0.69
INV_00376,ALERT_00376,ANL_048,CSE_014,VENDOR_DEPENDENT,1,6,0,,True,UNPATCHED_SYSTEM,False,NO_ACTION,Checked activity and resolved issue,0.78
INV_00377,ALERT_00377,ANL_025,CSE_015,NORMAL,1,7,0,,True,UNKNOWN,False,NO_ACTION,Checked activity and resolved issue,0.62
INV_00378,ALERT_00378,ANL_033,CSE_001,VENDOR_DEPENDENT,1,147,0,,False,UNKNOWN,False,NO_ACTION,Checked activity and resolved issue,0.57
INV_00379,ALERT_00379,ANL_004,CSE_020,MATURE,5,162,3,"FIREWALL_LOG,MALWARE_ANALYSIS,USER_ACTIVITY_LOGS",True,UNKNOWN,True,MALWARE_REMOVED,"Detailed investigation performed with evidence validation, root cause analysis and remediation tracking",0.38
INV_00380,ALERT_00380,ANL_026,CSE_006,OVERLOADED,1,10,1,MALWARE_ANALYSIS,True,UNKNOWN,False,NO_ACTION,Checked activity and resolved issue,0.54
INV_00381,ALERT_00381,ANL_034,CSE_006,OVERLOADED,2,242,1,SIEM_LOGS,True,UNPATCHED_SYSTEM,False,NO_ACTION,Reviewed logs and closed the alert,0.52
INV_00382,ALERT_00382,ANL_016,CSE_006,OVERLOADED,0,9,0,,False,UNKNOWN,False,NO_ACTION,Investigation completed successfully,0.47
INV_00383,ALERT_00383,ANL_016,CSE_012,NORMAL,1,75,0,,False,UNKNOWN,False,NO_ACTION,Investigation completed successfully,0.78
INV_00384,ALERT_00384,ANL_035,CSE_011,VENDOR_DEPENDENT,1,4,1,MALWARE_ANALYSIS,True,INSIDER_ACTIVITY,False,NO_ACTION,Checked activity and resolved issue,0.75
INV_00385,ALERT_00385,ANL_047,CSE_007,NORMAL,4,80,4,"SIEM_LOGS,MALWARE_ANALYSIS,NETWORK_CAPTURE,ENDPOINT_LOGS",False,UNKNOWN,True,ACCESS_REVOKED,Checked activity and resolved issue,0.74
INV_00386,ALERT_00386,ANL_050,CSE_004,VENDOR_DEPENDENT,3,5,5,"FIREWALL_LOG,MALWARE_ANALYSIS,ENDPOINT_LOGS,USER_ACTIVITY_LOGS,NETWORK_CAPTURE",False,UNKNOWN,True,MALWARE_REMOVED,Investigation completed successfully,0.61
INV_00387,ALERT_00387,ANL_035,CSE_004,VENDOR_DEPENDENT,3,222,0,,True,MISCONFIGURATION,True,PATCH_APPLIED,Checked activity and resolved issue,0.48
INV_00388,ALERT_00388,ANL_021,CSE_011,VENDOR_DEPENDENT,2,125,1,ENDPOINT_LOGS,True,UNPATCHED_SYSTEM,False,NO_ACTION,Checked activity and resolved issue,0.55
INV_00389,ALERT_00389,ANL_035,CSE_008,NORMAL,4,10,4,"NETWORK_CAPTURE,FIREWALL_LOG,USER_ACTIVITY_LOGS,SIEM_LOGS",True,UNPATCHED_SYSTEM,True,CONFIGURATION_UPDATED,Investigation completed successfully,0.69
INV_00390,ALERT_00390,ANL_013,CSE_003,OVERLOADED,4,134,4,"MALWARE_ANALYSIS,NETWORK_CAPTURE,FIREWALL_LOG,SIEM_LOGS",False,UNKNOWN,True,PATCH_APPLIED,Reviewed evidence and performed remediation,0.44
INV_00391,ALERT_00391,ANL_022,CSE_014,VENDOR_DEPENDENT,3,149,5,"FIREWALL_LOG,SIEM_LOGS,ENDPOINT_LOGS,MALWARE_ANALYSIS,USER_ACTIVITY_LOGS",False,UNKNOWN,False,NO_ACTION,Analysed event and closed case,0.6
INV_00392,ALERT_00392,ANL_046,CSE_014,VENDOR_DEPENDENT,3,248,3,"SIEM_LOGS,USER_ACTIVITY_LOGS,NETWORK_CAPTURE",False,UNKNOWN,False,NO_ACTION,Analysed event and closed case,0.71
INV_00393,ALERT_00393,ANL_030,CSE_014,VENDOR_DEPENDENT,4,6,5,"FIREWALL_LOG,USER_ACTIVITY_LOGS,MALWARE_ANALYSIS,NETWORK_CAPTURE,ENDPOINT_LOGS",True,UNKNOWN,True,PATCH_APPLIED,Investigation completed successfully,0.54
INV_00394,ALERT_00394,ANL_013,CSE_018,NORMAL,4,212,6,"NETWORK_CAPTURE,MALWARE_ANALYSIS,SIEM_LOGS,USER_ACTIVITY_LOGS,FIREWALL_LOG,ENDPOINT_LOGS",True,UNKNOWN,False,NO_ACTION,Reviewed logs and closed the alert,0.58
INV_00395,ALERT_00395,ANL_014,CSE_008,NORMAL,4,86,5,"ENDPOINT_LOGS,FIREWALL_LOG,SIEM_LOGS,MALWARE_ANALYSIS,USER_ACTIVITY_LOGS",False,UNKNOWN,True,PATCH_APPLIED,Analysed event and closed case,0.63
INV_00396,ALERT_00396,ANL_031,CSE_020,MATURE,4,256,4,"MALWARE_ANALYSIS,FIREWALL_LOG,NETWORK_CAPTURE,SIEM_LOGS",False,UNKNOWN,True,PASSWORD_RESET,"Detailed investigation performed with evidence validation, root cause analysis and remediation tracking",0.22
INV_00397,ALERT_00397,ANL_046,CSE_002,NORMAL,4,1,5,"ENDPOINT_LOGS,USER_ACTIVITY_LOGS,SIEM_LOGS,MALWARE_ANALYSIS,FIREWALL_LOG",True,INSIDER_ACTIVITY,True,MALWARE_REMOVED,Reviewed evidence and performed remediation,0.51
INV_00398,ALERT_00398,ANL_007,CSE_004,VENDOR_DEPENDENT,3,3,4,"FIREWALL_LOG,USER_ACTIVITY_LOGS,MALWARE_ANALYSIS,SIEM_LOGS",False,UNKNOWN,True,MALWARE_REMOVED,Analysed event and closed case,0.63
INV_00399,ALERT_00399,ANL_032,CSE_009,OVERLOADED,3,147,4,"FIREWALL_LOG,ENDPOINT_LOGS,SIEM_LOGS,USER_ACTIVITY_LOGS",False,UNKNOWN,False,NO_ACTION,Analysed event and closed case,0.66
INV_00400,ALERT_00400,ANL_022,CSE_007,NORMAL,3,62,1,USER_ACTIVITY_LOGS,True,INSIDER_ACTIVITY,True,PASSWORD_RESET,Reviewed logs and closed the alert,0.73
INV_00401,ALERT_00401,ANL_017,CSE_003,OVERLOADED,5,178,5,"MALWARE_ANALYSIS,SIEM_LOGS,FIREWALL_LOG,USER_ACTIVITY_LOGS,NETWORK_CAPTURE",True,UNKNOWN,True,MALWARE_REMOVED,Reviewed evidence and performed remediation,0.56
INV_00402,ALERT_00402,ANL_032,CSE_014,VENDOR_DEPENDENT,0,7,0,,False,UNKNOWN,False,NO_ACTION,Reviewed logs and closed the alert,0.56
INV_00403,ALERT_00403,ANL_044,CSE_007,NORMAL,2,203,0,,True,UNPATCHED_SYSTEM,False,NO_ACTION,Reviewed logs and closed the alert,0.51
INV_00404,ALERT_00404,ANL_009,CSE_018,NORMAL,5,216,3,"USER_ACTIVITY_LOGS,FIREWALL_LOG,ENDPOINT_LOGS",True,COMPROMISED_CREDENTIALS,True,ACCESS_REVOKED,Reviewed logs and closed the alert,0.62
INV_00405,ALERT_00405,ANL_024,CSE_007,NORMAL,3,33,4,"MALWARE_ANALYSIS,FIREWALL_LOG,SIEM_LOGS,ENDPOINT_LOGS",False,UNKNOWN,False,NO_ACTION,Reviewed evidence and performed remediation,0.78
INV_00406,ALERT_00406,ANL_027,CSE_006,OVERLOADED,4,79,3,"MALWARE_ANALYSIS,NETWORK_CAPTURE,SIEM_LOGS",False,UNKNOWN,True,CONFIGURATION_UPDATED,Reviewed evidence and performed remediation,0.67
INV_00407,ALERT_00407,ANL_025,CSE_018,NORMAL,4,152,5,"NETWORK_CAPTURE,FIREWALL_LOG,SIEM_LOGS,MALWARE_ANALYSIS,ENDPOINT_LOGS",False,UNKNOWN,True,NO_ACTION,Checked activity and resolved issue,0.52
INV_00408,ALERT_00408,ANL_014,CSE_018,NORMAL,1,237,0,,False,UNKNOWN,False,NO_ACTION,Reviewed logs and closed the alert,0.42
INV_00409,ALERT_00409,ANL_034,CSE_020,MATURE,4,217,4,"SIEM_LOGS,MALWARE_ANALYSIS,USER_ACTIVITY_LOGS,ENDPOINT_LOGS",True,MISCONFIGURATION,False,NO_ACTION,"Detailed investigation performed with evidence validation, root cause analysis and remediation tracking",0.16
INV_00410,ALERT_00410,ANL_025,CSE_007,NORMAL,2,101,0,,True,UNPATCHED_SYSTEM,False,NO_ACTION,Reviewed logs and closed the alert,0.71
INV_00411,ALERT_00411,ANL_023,CSE_003,OVERLOADED,4,125,3,"MALWARE_ANALYSIS,ENDPOINT_LOGS,NETWORK_CAPTURE",True,MISCONFIGURATION,False,NO_ACTION,Reviewed evidence and performed remediation,0.73
INV_00412,ALERT_00412,ANL_004,CSE_007,NORMAL,3,185,1,MALWARE_ANALYSIS,True,MALWARE_INFECTION,True,ACCESS_REVOKED,Reviewed evidence and performed remediation,0.61
INV_00413,ALERT_00413,ANL_023,CSE_003,OVERLOADED,4,232,6,"FIREWALL_LOG,ENDPOINT_LOGS,SIEM_LOGS,MALWARE_ANALYSIS,USER_ACTIVITY_LOGS,NETWORK_CAPTURE",True,COMPROMISED_CREDENTIALS,False,NO_ACTION,Analysed event and closed case,0.64
INV_00414,ALERT_00414,ANL_017,CSE_009,OVERLOADED,2,285,0,,True,UNKNOWN,False,NO_ACTION,Investigation completed successfully,0.75
INV_00415,ALERT_00415,ANL_018,CSE_014,VENDOR_DEPENDENT,3,8,4,"USER_ACTIVITY_LOGS,MALWARE_ANALYSIS,NETWORK_CAPTURE,FIREWALL_LOG",True,INSIDER_ACTIVITY,False,NO_ACTION,Reviewed logs and closed the alert,0.76
INV_00416,ALERT_00416,ANL_023,CSE_005,OVERLOADED,4,221,3,"MALWARE_ANALYSIS,USER_ACTIVITY_LOGS,NETWORK_CAPTURE",True,COMPROMISED_CREDENTIALS,False,NO_ACTION,Checked activity and resolved issue,0.49
INV_00417,ALERT_00417,ANL_039,CSE_014,VENDOR_DEPENDENT,4,156,4,"ENDPOINT_LOGS,SIEM_LOGS,MALWARE_ANALYSIS,NETWORK_CAPTURE",True,UNPATCHED_SYSTEM,False,NO_ACTION,Checked activity and resolved issue,0.79
INV_00418,ALERT_00418,ANL_030,CSE_005,OVERLOADED,4,144,5,"SIEM_LOGS,FIREWALL_LOG,NETWORK_CAPTURE,USER_ACTIVITY_LOGS,ENDPOINT_LOGS",True,INSIDER_ACTIVITY,False,NO_ACTION,Analysed event and closed case,0.51
INV_00419,ALERT_00419,ANL_026,CSE_014,VENDOR_DEPENDENT,0,5,0,,False,UNKNOWN,False,NO_ACTION,Checked activity and resolved issue,0.42
INV_00420,ALERT_00420,ANL_037,CSE_011,VENDOR_DEPENDENT,2,276,0,,True,UNPATCHED_SYSTEM,False,NO_ACTION,Analysed event and closed case,0.73
INV_00421,ALERT_00421,ANL_024,CSE_018,NORMAL,5,45,5,"MALWARE_ANALYSIS,FIREWALL_LOG,SIEM_LOGS,ENDPOINT_LOGS,NETWORK_CAPTURE",True,UNKNOWN,True,PATCH_APPLIED,Analysed event and closed case,0.65
INV_00422,ALERT_00422,ANL_046,CSE_012,NORMAL,2,191,0,,True,MALWARE_INFECTION,False,NO_ACTION,Analysed event and closed case,0.49
INV_00423,ALERT_00423,ANL_038,CSE_016,OVERLOADED,5,78,3,"USER_ACTIVITY_LOGS,FIREWALL_LOG,ENDPOINT_LOGS",True,INSIDER_ACTIVITY,True,ACCESS_REVOKED,Investigation completed successfully,0.5
INV_00424,ALERT_00424,ANL_030,CSE_006,OVERLOADED,2,246,1,ENDPOINT_LOGS,False,UNKNOWN,True,ACCESS_REVOKED,Analysed event and closed case,0.6
INV_00425,ALERT_00425,ANL_015,CSE_019,VENDOR_DEPENDENT,3,10,4,"USER_ACTIVITY_LOGS,ENDPOINT_LOGS,NETWORK_CAPTURE,SIEM_LOGS",False,UNKNOWN,True,ACCESS_REVOKED,Analysed event and closed case,0.67
INV_00426,ALERT_00426,ANL_029,CSE_012,NORMAL,3,208,1,FIREWALL_LOG,True,UNPATCHED_SYSTEM,True,PATCH_APPLIED,Reviewed evidence and performed remediation,0.77
INV_00427,ALERT_00427,ANL_030,CSE_010,MATURE,5,32,6,"FIREWALL_LOG,SIEM_LOGS,ENDPOINT_LOGS,NETWORK_CAPTURE,USER_ACTIVITY_LOGS,MALWARE_ANALYSIS",True,INSIDER_ACTIVITY,True,PASSWORD_RESET,"Detailed investigation performed with evidence validation, root cause analysis and remediation tracking",0.12
INV_00428,ALERT_00428,ANL_024,CSE_014,VENDOR_DEPENDENT,1,58,1,FIREWALL_LOG,False,UNKNOWN,False,NO_ACTION,Reviewed evidence and performed remediation,0.69
INV_00429,ALERT_00429,ANL_008,CSE_005,OVERLOADED,3,182,0,,True,MISCONFIGURATION,True,PATCH_APPLIED,Reviewed logs and closed the alert,0.55
INV_00430,ALERT_00430,ANL_046,CSE_015,NORMAL,3,77,4,"FIREWALL_LOG,ENDPOINT_LOGS,MALWARE_ANALYSIS,SIEM_LOGS",False,UNKNOWN,False,NO_ACTION,Reviewed evidence and performed remediation,0.61
INV_00431,ALERT_00431,ANL_011,CSE_005,OVERLOADED,2,36,0,,True,UNPATCHED_SYSTEM,False,NO_ACTION,Investigation completed successfully,0.55
INV_00432,ALERT_00432,ANL_038,CSE_001,VENDOR_DEPENDENT,4,1,5,"SIEM_LOGS,MALWARE_ANALYSIS,FIREWALL_LOG,ENDPOINT_LOGS,NETWORK_CAPTURE",True,MALWARE_INFECTION,True,ACCESS_REVOKED,Investigation completed successfully,0.68
INV_00433,ALERT_00433,ANL_006,CSE_005,OVERLOADED,2,158,1,MALWARE_ANALYSIS,True,MALWARE_INFECTION,False,NO_ACTION,Reviewed evidence and performed remediation,0.72
INV_00434,ALERT_00434,ANL_011,CSE_016,OVERLOADED,0,5,0,,False,UNKNOWN,False,NO_ACTION,Reviewed logs and closed the alert,0.73
INV_00435,ALERT_00435,ANL_028,CSE_010,MATURE,4,43,3,"NETWORK_CAPTURE,SIEM_LOGS,FIREWALL_LOG",False,UNKNOWN,True,PASSWORD_RESET,"Detailed investigation performed with evidence validation, root cause analysis and remediation tracking",0.32
INV_00436,ALERT_00436,ANL_016,CSE_013,MATURE,5,81,6,"ENDPOINT_LOGS,MALWARE_ANALYSIS,FIREWALL_LOG,SIEM_LOGS,NETWORK_CAPTURE,USER_ACTIVITY_LOGS",True,MALWARE_INFECTION,True,MALWARE_REMOVED,"Detailed investigation performed with evidence validation, root cause analysis and remediation tracking",0.28
INV_00437,ALERT_00437,ANL_007,CSE_006,OVERLOADED,4,85,5,"FIREWALL_LOG,USER_ACTIVITY_LOGS,NETWORK_CAPTURE,MALWARE_ANALYSIS,SIEM_LOGS",False,UNKNOWN,True,MALWARE_REMOVED,Reviewed evidence and performed remediation,0.6
INV_00438,ALERT_00438,ANL_050,CSE_015,NORMAL,2,253,1,ENDPOINT_LOGS,True,COMPROMISED_CREDENTIALS,False,NO_ACTION,Reviewed evidence and performed remediation,0.75
INV_00439,ALERT_00439,ANL_034,CSE_015,NORMAL,3,2,3,"NETWORK_CAPTURE,FIREWALL_LOG,MALWARE_ANALYSIS",True,UNPATCHED_SYSTEM,False,NO_ACTION,Analysed event and closed case,0.68
INV_00440,ALERT_00440,ANL_036,CSE_012,NORMAL,3,10,6,"MALWARE_ANALYSIS,FIREWALL_LOG,USER_ACTIVITY_LOGS,NETWORK_CAPTURE,SIEM_LOGS,ENDPOINT_LOGS",True,MALWARE_INFECTION,False,NO_ACTION,Reviewed logs and closed the alert,0.64
INV_00441,ALERT_00441,ANL_008,CSE_012,NORMAL,5,208,6,"FIREWALL_LOG,ENDPOINT_LOGS,MALWARE_ANALYSIS,NETWORK_CAPTURE,SIEM_LOGS,USER_ACTIVITY_LOGS",True,MISCONFIGURATION,True,NO_ACTION,Investigation completed successfully,0.75
INV_00442,ALERT_00442,ANL_044,CSE_013,MATURE,5,217,6,"ENDPOINT_LOGS,FIREWALL_LOG,USER_ACTIVITY_LOGS,NETWORK_CAPTURE,MALWARE_ANALYSIS,SIEM_LOGS",True,MISCONFIGURATION,True,ACCESS_REVOKED,"Detailed investigation performed with evidence validation, root cause analysis and remediation tracking",0.25
INV_00443,ALERT_00443,ANL_008,CSE_003,OVERLOADED,4,209,5,"NETWORK_CAPTURE,MALWARE_ANALYSIS,FIREWALL_LOG,ENDPOINT_LOGS,USER_ACTIVITY_LOGS",False,UNKNOWN,True,CONFIGURATION_UPDATED,Checked activity and resolved issue,0.53
INV_00444,ALERT_00444,ANL_035,CSE_015,NORMAL,4,48,6,"FIREWALL_LOG,MALWARE_ANALYSIS,ENDPOINT_LOGS,NETWORK_CAPTURE,USER_ACTIVITY_LOGS,SIEM_LOGS",False,UNKNOWN,True,PATCH_APPLIED,Reviewed logs and closed the alert,0.47
INV_00445,ALERT_00445,ANL_033,CSE_008,NORMAL,2,244,0,,True,INSIDER_ACTIVITY,False,NO_ACTION,Investigation completed successfully,0.41
INV_00446,ALERT_00446,ANL_035,CSE_006,OVERLOADED,2,160,0,,False,UNKNOWN,True,PATCH_APPLIED,Reviewed logs and closed the alert,0.76
INV_00447,ALERT_00447,ANL_035,CSE_004,VENDOR_DEPENDENT,3,117,5,"SIEM_LOGS,USER_ACTIVITY_LOGS,NETWORK_CAPTURE,ENDPOINT_LOGS,FIREWALL_LOG",False,UNKNOWN,False,NO_ACTION,Checked activity and resolved issue,0.73
INV_00448,ALERT_00448,ANL_029,CSE_005,OVERLOADED,4,127,4,"ENDPOINT_LOGS,MALWARE_ANALYSIS,SIEM_LOGS,USER_ACTIVITY_LOGS",False,UNKNOWN,True,ACCESS_REVOKED,Reviewed evidence and performed remediation,0.65
INV_00449,ALERT_00449,ANL_023,CSE_020,MATURE,5,55,5,"NETWORK_CAPTURE,SIEM_LOGS,FIREWALL_LOG,USER_ACTIVITY_LOGS,ENDPOINT_LOGS",True,UNKNOWN,True,MALWARE_REMOVED,"Detailed investigation performed with evidence validation, root cause analysis and remediation tracking",0.21
INV_00450,ALERT_00450,ANL_004,CSE_011,VENDOR_DEPENDENT,1,262,1,FIREWALL_LOG,False,UNKNOWN,False,NO_ACTION,Checked activity and resolved issue,0.53
INV_00451,ALERT_00451,ANL_023,CSE_001,VENDOR_DEPENDENT,4,267,6,"NETWORK_CAPTURE,USER_ACTIVITY_LOGS,MALWARE_ANALYSIS,SIEM_LOGS,FIREWALL_LOG,ENDPOINT_LOGS",True,UNPATCHED_SYSTEM,False,NO_ACTION,Checked activity and resolved issue,0.68
INV_00452,ALERT_00452,ANL_042,CSE_019,VENDOR_DEPENDENT,1,58,0,,False,UNKNOWN,False,NO_ACTION,Investigation completed successfully,0.63
INV_00453,ALERT_00453,ANL_029,CSE_001,VENDOR_DEPENDENT,5,104,4,"FIREWALL_LOG,USER_ACTIVITY_LOGS,ENDPOINT_LOGS,SIEM_LOGS",True,UNKNOWN,True,PATCH_APPLIED,Reviewed logs and closed the alert,0.54
INV_00454,ALERT_00454,ANL_046,CSE_019,VENDOR_DEPENDENT,2,190,1,ENDPOINT_LOGS,False,UNKNOWN,True,PATCH_APPLIED,Checked activity and resolved issue,0.77
INV_00455,ALERT_00455,ANL_009,CSE_001,VENDOR_DEPENDENT,1,194,1,FIREWALL_LOG,False,UNKNOWN,False,NO_ACTION,Investigation completed successfully,0.64
INV_00456,ALERT_00456,ANL_035,CSE_006,OVERLOADED,4,287,3,"FIREWALL_LOG,SIEM_LOGS,MALWARE_ANALYSIS",True,MALWARE_INFECTION,False,NO_ACTION,Checked activity and resolved issue,0.6
INV_00457,ALERT_00457,ANL_015,CSE_014,VENDOR_DEPENDENT,2,231,1,FIREWALL_LOG,False,UNKNOWN,True,NO_ACTION,Analysed event and closed case,0.44
INV_00458,ALERT_00458,ANL_025,CSE_014,VENDOR_DEPENDENT,1,250,0,,False,UNKNOWN,False,NO_ACTION,Checked activity and resolved issue,0.58
INV_00459,ALERT_00459,ANL_021,CSE_005,OVERLOADED,5,290,5,"MALWARE_ANALYSIS,ENDPOINT_LOGS,NETWORK_CAPTURE,FIREWALL_LOG,USER_ACTIVITY_LOGS",True,MALWARE_INFECTION,True,ACCESS_REVOKED,Analysed event and closed case,0.43
INV_00460,ALERT_00460,ANL_032,CSE_001,VENDOR_DEPENDENT,2,292,1,FIREWALL_LOG,True,MALWARE_INFECTION,False,NO_ACTION,Analysed event and closed case,0.75
INV_00461,ALERT_00461,ANL_024,CSE_005,OVERLOADED,1,293,0,,False,UNKNOWN,False,NO_ACTION,Reviewed evidence and performed remediation,0.59
INV_00462,ALERT_00462,ANL_022,CSE_003,OVERLOADED,4,2,4,"SIEM_LOGS,ENDPOINT_LOGS,NETWORK_CAPTURE,USER_ACTIVITY_LOGS",True,INSIDER_ACTIVITY,True,MALWARE_REMOVED,Investigation completed successfully,0.72
INV_00463,ALERT_00463,ANL_045,CSE_015,NORMAL,4,221,5,"USER_ACTIVITY_LOGS,MALWARE_ANALYSIS,SIEM_LOGS,ENDPOINT_LOGS,FIREWALL_LOG",False,UNKNOWN,True,ACCESS_REVOKED,Investigation completed successfully,0.66
INV_00464,ALERT_00464,ANL_007,CSE_012,NORMAL,1,183,0,,False,UNKNOWN,False,NO_ACTION,Investigation completed successfully,0.41
INV_00465,ALERT_00465,ANL_048,CSE_002,NORMAL,5,284,4,"FIREWALL_LOG,NETWORK_CAPTURE,MALWARE_ANALYSIS,ENDPOINT_LOGS",True,COMPROMISED_CREDENTIALS,True,NO_ACTION,Investigation completed successfully,0.56
INV_00466,ALERT_00466,ANL_016,CSE_007,NORMAL,2,187,0,,False,UNKNOWN,True,CONFIGURATION_UPDATED,Investigation completed successfully,0.69
INV_00467,ALERT_00467,ANL_018,CSE_014,VENDOR_DEPENDENT,1,5,1,NETWORK_CAPTURE,True,UNKNOWN,False,NO_ACTION,Reviewed logs and closed the alert,0.46
INV_00468,ALERT_00468,ANL_043,CSE_019,VENDOR_DEPENDENT,0,8,0,,False,UNKNOWN,False,NO_ACTION,Checked activity and resolved issue,0.48
INV_00469,ALERT_00469,ANL_023,CSE_015,NORMAL,4,128,5,"NETWORK_CAPTURE,MALWARE_ANALYSIS,FIREWALL_LOG,SIEM_LOGS,USER_ACTIVITY_LOGS",False,UNKNOWN,True,CONFIGURATION_UPDATED,Reviewed evidence and performed remediation,0.59
INV_00470,ALERT_00470,ANL_042,CSE_001,VENDOR_DEPENDENT,2,51,1,SIEM_LOGS,False,UNKNOWN,True,CONFIGURATION_UPDATED,Analysed event and closed case,0.69
INV_00471,ALERT_00471,ANL_010,CSE_003,OVERLOADED,3,1,5,"ENDPOINT_LOGS,MALWARE_ANALYSIS,NETWORK_CAPTURE,FIREWALL_LOG,USER_ACTIVITY_LOGS",True,UNKNOWN,False,NO_ACTION,Checked activity and resolved issue,0.6
INV_00472,ALERT_00472,ANL_017,CSE_015,NORMAL,4,186,5,"NETWORK_CAPTURE,FIREWALL_LOG,SIEM_LOGS,MALWARE_ANALYSIS,USER_ACTIVITY_LOGS",True,UNKNOWN,False,NO_ACTION,Investigation completed successfully,0.54
INV_00473,ALERT_00473,ANL_020,CSE_015,NORMAL,3,9,6,"SIEM_LOGS,NETWORK_CAPTURE,USER_ACTIVITY_LOGS,FIREWALL_LOG,MALWARE_ANALYSIS,ENDPOINT_LOGS",False,UNKNOWN,True,NO_ACTION,Reviewed logs and closed the alert,0.63
INV_00474,ALERT_00474,ANL_031,CSE_010,MATURE,5,143,6,"FIREWALL_LOG,USER_ACTIVITY_LOGS,MALWARE_ANALYSIS,NETWORK_CAPTURE,ENDPOINT_LOGS,SIEM_LOGS",True,MISCONFIGURATION,True,PATCH_APPLIED,"Detailed investigation performed with evidence validation, root cause analysis and remediation tracking",0.39
INV_00475,ALERT_00475,ANL_007,CSE_013,MATURE,5,104,4,"SIEM_LOGS,FIREWALL_LOG,USER_ACTIVITY_LOGS,NETWORK_CAPTURE",True,MALWARE_INFECTION,True,MALWARE_REMOVED,"Detailed investigation performed with evidence validation, root cause analysis and remediation tracking",0.21
INV_00476,ALERT_00476,ANL_036,CSE_004,VENDOR_DEPENDENT,3,265,6,"FIREWALL_LOG,MALWARE_ANALYSIS,SIEM_LOGS,USER_ACTIVITY_LOGS,ENDPOINT_LOGS,NETWORK_CAPTURE",False,UNKNOWN,False,NO_ACTION,Reviewed logs and closed the alert,0.69
INV_00477,ALERT_00477,ANL_015,CSE_013,MATURE,2,291,1,MALWARE_ANALYSIS,False,UNKNOWN,True,NO_ACTION,"Detailed investigation performed with evidence validation, root cause analysis and remediation tracking",0.11
INV_00478,ALERT_00478,ANL_025,CSE_014,VENDOR_DEPENDENT,1,7,1,ENDPOINT_LOGS,False,UNKNOWN,True,NO_ACTION,Reviewed logs and closed the alert,0.57
INV_00479,ALERT_00479,ANL_025,CSE_016,OVERLOADED,4,9,5,"MALWARE_ANALYSIS,ENDPOINT_LOGS,SIEM_LOGS,USER_ACTIVITY_LOGS,NETWORK_CAPTURE",True,MISCONFIGURATION,True,ACCESS_REVOKED,Checked activity and resolved issue,0.5
INV_00480,ALERT_00480,ANL_033,CSE_011,VENDOR_DEPENDENT,2,5,5,"ENDPOINT_LOGS,FIREWALL_LOG,USER_ACTIVITY_LOGS,SIEM_LOGS,NETWORK_CAPTURE",False,UNKNOWN,False,NO_ACTION,Checked activity and resolved issue,0.62
INV_00481,ALERT_00481,ANL_036,CSE_003,OVERLOADED,3,162,1,MALWARE_ANALYSIS,True,COMPROMISED_CREDENTIALS,True,PATCH_APPLIED,Reviewed logs and closed the alert,0.67
INV_00482,ALERT_00482,ANL_002,CSE_012,NORMAL,3,238,0,,True,INSIDER_ACTIVITY,True,PASSWORD_RESET,Reviewed evidence and performed remediation,0.57
INV_00483,ALERT_00483,ANL_002,CSE_015,NORMAL,2,150,1,USER_ACTIVITY_LOGS,False,UNKNOWN,True,PATCH_APPLIED,Reviewed evidence and performed remediation,0.57
INV_00484,ALERT_00484,ANL_004,CSE_005,OVERLOADED,3,132,3,"ENDPOINT_LOGS,FIREWALL_LOG,MALWARE_ANALYSIS",False,UNKNOWN,False,NO_ACTION,Analysed event and closed case,0.55
INV_00485,ALERT_00485,ANL_025,CSE_015,NORMAL,5,73,5,"MALWARE_ANALYSIS,SIEM_LOGS,ENDPOINT_LOGS,USER_ACTIVITY_LOGS,NETWORK_CAPTURE",True,MISCONFIGURATION,True,ACCESS_REVOKED,Checked activity and resolved issue,0.64
INV_00486,ALERT_00486,ANL_007,CSE_013,MATURE,5,260,5,"NETWORK_CAPTURE,SIEM_LOGS,FIREWALL_LOG,ENDPOINT_LOGS,USER_ACTIVITY_LOGS",True,INSIDER_ACTIVITY,True,CONFIGURATION_UPDATED,"Detailed investigation performed with evidence validation, root cause analysis and remediation tracking",0.32
INV_00487,ALERT_00487,ANL_001,CSE_008,NORMAL,4,196,5,"FIREWALL_LOG,SIEM_LOGS,ENDPOINT_LOGS,NETWORK_CAPTURE,MALWARE_ANALYSIS",True,MISCONFIGURATION,False,NO_ACTION,Reviewed logs and closed the alert,0.56
INV_00488,ALERT_00488,ANL_048,CSE_006,OVERLOADED,2,54,0,,False,UNKNOWN,True,CONFIGURATION_UPDATED,Investigation completed successfully,0.73
INV_00489,ALERT_00489,ANL_026,CSE_016,OVERLOADED,4,293,4,"ENDPOINT_LOGS,NETWORK_CAPTURE,USER_ACTIVITY_LOGS,MALWARE_ANALYSIS",False,UNKNOWN,True,CONFIGURATION_UPDATED,Reviewed evidence and performed remediation,0.7
INV_00490,ALERT_00490,ANL_011,CSE_016,OVERLOADED,0,2,1,SIEM_LOGS,False,UNKNOWN,False,NO_ACTION,Investigation completed successfully,0.66
INV_00491,ALERT_00491,ANL_025,CSE_018,NORMAL,4,64,3,"USER_ACTIVITY_LOGS,MALWARE_ANALYSIS,SIEM_LOGS",False,UNKNOWN,True,CONFIGURATION_UPDATED,Analysed event and closed case,0.75
INV_00492,ALERT_00492,ANL_012,CSE_014,VENDOR_DEPENDENT,3,3,3,"MALWARE_ANALYSIS,USER_ACTIVITY_LOGS,NETWORK_CAPTURE",True,COMPROMISED_CREDENTIALS,False,NO_ACTION,Reviewed logs and closed the alert,0.59
INV_00493,ALERT_00493,ANL_045,CSE_013,MATURE,4,275,5,"SIEM_LOGS,ENDPOINT_LOGS,USER_ACTIVITY_LOGS,FIREWALL_LOG,MALWARE_ANALYSIS",False,UNKNOWN,True,CONFIGURATION_UPDATED,"Detailed investigation performed with evidence validation, root cause analysis and remediation tracking",0.23
INV_00494,ALERT_00494,ANL_037,CSE_006,OVERLOADED,1,108,0,,False,UNKNOWN,False,NO_ACTION,Checked activity and resolved issue,0.74
INV_00495,ALERT_00495,ANL_015,CSE_010,MATURE,5,248,4,"ENDPOINT_LOGS,FIREWALL_LOG,NETWORK_CAPTURE,SIEM_LOGS",True,UNKNOWN,True,NO_ACTION,"Detailed investigation performed with evidence validation, root cause analysis and remediation tracking",0.11
INV_00496,ALERT_00496,ANL_038,CSE_013,MATURE,3,175,1,FIREWALL_LOG,True,INSIDER_ACTIVITY,True,PASSWORD_RESET,"Detailed investigation performed with evidence validation, root cause analysis and remediation tracking",0.21
INV_00497,ALERT_00497,ANL_026,CSE_002,NORMAL,4,224,3,"MALWARE_ANALYSIS,USER_ACTIVITY_LOGS,ENDPOINT_LOGS",True,MALWARE_INFECTION,False,NO_ACTION,Investigation completed successfully,0.71
INV_00498,ALERT_00498,ANL_011,CSE_004,VENDOR_DEPENDENT,3,71,5,"USER_ACTIVITY_LOGS,FIREWALL_LOG,SIEM_LOGS,ENDPOINT_LOGS,NETWORK_CAPTURE",False,UNKNOWN,False,NO_ACTION,Analysed event and closed case,0.79
INV_00499,ALERT_00499,ANL_050,CSE_002,NORMAL,3,279,0,,True,MALWARE_INFECTION,True,NO_ACTION,Reviewed evidence and performed remediation,0.43
INV_00500,ALERT_00500,ANL_042,CSE_003,OVERLOADED,3,69,5,"FIREWALL_LOG,NETWORK_CAPTURE,MALWARE_ANALYSIS,ENDPOINT_LOGS,SIEM_LOGS",False,UNKNOWN,False,NO_ACTION,Investigation completed successfully,0.59
