asset_id,cse_id,criticality,expected_monitoring,actual_monitoring,telemetry_available
ASSET_0001,CSE_001,TIER-2,RANSOMWARE|PRIVILEGE_ESCALATION|NETWORK_ANOMALY|UNAUTHORIZED_ACCESS,RANSOMWARE|PRIVILEGE_ESCALATION|NETWORK_ANOMALY|UNAUTHORIZED_ACCESS,YES
ASSET_0002,CSE_001,TIER-0,RANSOMWARE|NETWORK_ANOMALY,RANSOMWARE|NETWORK_ANOMALY,YES
ASSET_0003,CSE_001,TIER-1,UNAUTHORIZED_ACCESS|RANSOMWARE|NETWORK_ANOMALY,,NO
ASSET_0004,CSE_001,TIER-1,PHISHING|NETWORK_ANOMALY|PRIVILEGE_ESCALATION|DATA_EXFILTRATION,PHISHING|NETWORK_ANOMALY|PRIVILEGE_ESCALATION|DATA_EXFILTRATION,YES
ASSET_0005,CSE_001,TIER-1,MALWARE|NETWORK_ANOMALY|UNAUTHORIZED_ACCESS,MALWARE|NETWORK_ANOMALY|UNAUTHORIZED_ACCESS,YES
ASSET_0006,CSE_001,TIER-1,PHISHING|PRIVILEGE_ESCALATION|MALWARE|DATA_EXFILTRATION,PHISHING|PRIVILEGE_ESCALATION|MALWARE|DATA_EXFILTRATION,YES
ASSET_0007,CSE_001,TIER-0,UNAUTHORIZED_ACCESS|PRIVILEGE_ESCALATION|RANSOMWARE|NETWORK_ANOMALY,UNAUTHORIZED_ACCESS|PRIVILEGE_ESCALATION|RANSOMWARE|NETWORK_ANOMALY,YES
ASSET_0008,CSE_001,TIER-1,MALWARE|NETWORK_ANOMALY|RANSOMWARE,MALWARE|NETWORK_ANOMALY|RANSOMWARE,YES
ASSET_0009,CSE_001,TIER-2,DATA_EXFILTRATION|RANSOMWARE,DATA_EXFILTRATION|RANSOMWARE,YES
ASSET_0010,CSE_001,TIER-2,RANSOMWARE|UNAUTHORIZED_ACCESS,RANSOMWARE|UNAUTHORIZED_ACCESS,YES
ASSET_0011,CSE_001,TIER-3,RANSOMWARE|PRIVILEGE_ESCALATION|DATA_EXFILTRATION,,NO
ASSET_0012,CSE_001,TIER-1,NETWORK_ANOMALY|DATA_EXFILTRATION,NETWORK_ANOMALY|DATA_EXFILTRATION,YES
ASSET_0013,CSE_001,TIER-1,UNAUTHORIZED_ACCESS|PRIVILEGE_ESCALATION|NETWORK_ANOMALY|DATA_EXFILTRATION,UNAUTHORIZED_ACCESS|PRIVILEGE_ESCALATION|NETWORK_ANOMALY|DATA_EXFILTRATION,YES
ASSET_0014,CSE_001,TIER-2,NETWORK_ANOMALY|RANSOMWARE|PRIVILEGE_ESCALATION,,NO
ASSET_0015,CSE_002,TIER-2,DATA_EXFILTRATION|PRIVILEGE_ESCALATION|UNAUTHORIZED_ACCESS|RANSOMWARE,DATA_EXFILTRATION|PRIVILEGE_ESCALATION|UNAUTHORIZED_ACCESS|RANSOMWARE,YES
ASSET_0016,CSE_002,TIER-3,NETWORK_ANOMALY|DATA_EXFILTRATION|UNAUTHORIZED_ACCESS,NETWORK_ANOMALY|DATA_EXFILTRATION|UNAUTHORIZED_ACCESS,YES
ASSET_0017,CSE_002,TIER-2,UNAUTHORIZED_ACCESS|PHISHING|NETWORK_ANOMALY,,NO
ASSET_0018,CSE_002,TIER-3,NETWORK_ANOMALY|MALWARE|DATA_EXFILTRATION,NETWORK_ANOMALY|MALWARE|DATA_EXFILTRATION,YES
ASSET_0019,CSE_002,TIER-2,MALWARE|RANSOMWARE|DATA_EXFILTRATION|PRIVILEGE_ESCALATION,MALWARE|RANSOMWARE|DATA_EXFILTRATION|PRIVILEGE_ESCALATION,YES
ASSET_0020,CSE_003,TIER-2,MALWARE|PHISHING,MALWARE|PHISHING,YES
ASSET_0021,CSE_003,TIER-2,PRIVILEGE_ESCALATION|MALWARE|UNAUTHORIZED_ACCESS,,NO
ASSET_0022,CSE_003,TIER-2,PRIVILEGE_ESCALATION|RANSOMWARE,PRIVILEGE_ESCALATION|RANSOMWARE,YES
ASSET_0023,CSE_003,TIER-1,RANSOMWARE|PRIVILEGE_ESCALATION,,NO
ASSET_0024,CSE_003,TIER-1,DATA_EXFILTRATION|PHISHING|UNAUTHORIZED_ACCESS,DATA_EXFILTRATION|PHISHING|UNAUTHORIZED_ACCESS,YES
ASSET_0025,CSE_003,TIER-2,RANSOMWARE|NETWORK_ANOMALY|MALWARE,RANSOMWARE|NETWORK_ANOMALY|MALWARE,YES
ASSET_0026,CSE_003,TIER-3,PRIVILEGE_ESCALATION|DATA_EXFILTRATION,PRIVILEGE_ESCALATION|DATA_EXFILTRATION,YES
ASSET_0027,CSE_003,TIER-0,PRIVILEGE_ESCALATION|UNAUTHORIZED_ACCESS|DATA_EXFILTRATION|MALWARE,,NO
ASSET_0028,CSE_003,TIER-1,DATA_EXFILTRATION|PHISHING,DATA_EXFILTRATION|PHISHING,YES
ASSET_0029,CSE_003,TIER-2,NETWORK_ANOMALY|PRIVILEGE_ESCALATION,NETWORK_ANOMALY|PRIVILEGE_ESCALATION,YES
ASSET_0030,CSE_003,TIER-0,DATA_EXFILTRATION|PRIVILEGE_ESCALATION|RANSOMWARE,DATA_EXFILTRATION|PRIVILEGE_ESCALATION|RANSOMWARE,YES
ASSET_0031,CSE_004,TIER-2,RANSOMWARE|PRIVILEGE_ESCALATION,RANSOMWARE|PRIVILEGE_ESCALATION,YES
ASSET_0032,CSE_004,TIER-2,NETWORK_ANOMALY|RANSOMWARE,NETWORK_ANOMALY|RANSOMWARE,YES
ASSET_0033,CSE_004,TIER-1,PHISHING|MALWARE,PHISHING|MALWARE,YES
ASSET_0034,CSE_004,TIER-3,UNAUTHORIZED_ACCESS|MALWARE|PRIVILEGE_ESCALATION|DATA_EXFILTRATION,UNAUTHORIZED_ACCESS|MALWARE|PRIVILEGE_ESCALATION|DATA_EXFILTRATION,YES
ASSET_0035,CSE_004,TIER-1,MALWARE|UNAUTHORIZED_ACCESS|DATA_EXFILTRATION,MALWARE|UNAUTHORIZED_ACCESS|DATA_EXFILTRATION,YES
ASSET_0036,CSE_004,TIER-0,UNAUTHORIZED_ACCESS|DATA_EXFILTRATION,UNAUTHORIZED_ACCESS|DATA_EXFILTRATION,YES
ASSET_0037,CSE_005,TIER-1,RANSOMWARE|PHISHING,,NO
ASSET_0038,CSE_005,TIER-3,MALWARE|UNAUTHORIZED_ACCESS,,NO
ASSET_0039,CSE_005,TIER-3,MALWARE|UNAUTHORIZED_ACCESS,MALWARE|UNAUTHORIZED_ACCESS,YES
ASSET_0040,CSE_005,TIER-2,PRIVILEGE_ESCALATION|UNAUTHORIZED_ACCESS|PHISHING,,NO
ASSET_0041,CSE_005,TIER-3,UNAUTHORIZED_ACCESS|PHISHING|RANSOMWARE|NETWORK_ANOMALY,UNAUTHORIZED_ACCESS|PHISHING|RANSOMWARE|NETWORK_ANOMALY,YES
ASSET_0042,CSE_005,TIER-0,UNAUTHORIZED_ACCESS|DATA_EXFILTRATION|PRIVILEGE_ESCALATION,UNAUTHORIZED_ACCESS|DATA_EXFILTRATION|PRIVILEGE_ESCALATION,YES
ASSET_0043,CSE_005,TIER-2,RANSOMWARE|NETWORK_ANOMALY|UNAUTHORIZED_ACCESS|DATA_EXFILTRATION,RANSOMWARE|NETWORK_ANOMALY|UNAUTHORIZED_ACCESS|DATA_EXFILTRATION,YES
ASSET_0044,CSE_005,TIER-1,PHISHING|RANSOMWARE|NETWORK_ANOMALY|UNAUTHORIZED_ACCESS,PHISHING|RANSOMWARE|NETWORK_ANOMALY|UNAUTHORIZED_ACCESS,YES
ASSET_0045,CSE_005,TIER-2,NETWORK_ANOMALY|PHISHING|RANSOMWARE|PRIVILEGE_ESCALATION,NETWORK_ANOMALY|PHISHING|RANSOMWARE|PRIVILEGE_ESCALATION,YES
ASSET_0046,CSE_005,TIER-0,PHISHING|PRIVILEGE_ESCALATION|UNAUTHORIZED_ACCESS|MALWARE,PHISHING|PRIVILEGE_ESCALATION|UNAUTHORIZED_ACCESS|MALWARE,YES
ASSET_0047,CSE_005,TIER-3,RANSOMWARE|PRIVILEGE_ESCALATION,RANSOMWARE|PRIVILEGE_ESCALATION,YES
ASSET_0048,CSE_005,TIER-2,RANSOMWARE|DATA_EXFILTRATION|PHISHING,RANSOMWARE|DATA_EXFILTRATION|PHISHING,YES
ASSET_0049,CSE_005,TIER-1,PRIVILEGE_ESCALATION|RANSOMWARE|NETWORK_ANOMALY|PHISHING,PRIVILEGE_ESCALATION|RANSOMWARE|NETWORK_ANOMALY|PHISHING,YES
ASSET_0050,CSE_005,TIER-1,NETWORK_ANOMALY|UNAUTHORIZED_ACCESS|DATA_EXFILTRATION,NETWORK_ANOMALY|UNAUTHORIZED_ACCESS|DATA_EXFILTRATION,YES
ASSET_0051,CSE_006,TIER-1,MALWARE|PRIVILEGE_ESCALATION|PHISHING,MALWARE|PRIVILEGE_ESCALATION|PHISHING,YES
ASSET_0052,CSE_006,TIER-2,NETWORK_ANOMALY|PHISHING,NETWORK_ANOMALY|PHISHING,YES
ASSET_0053,CSE_006,TIER-2,UNAUTHORIZED_ACCESS|MALWARE|PHISHING,UNAUTHORIZED_ACCESS|MALWARE|PHISHING,YES
ASSET_0054,CSE_006,TIER-3,RANSOMWARE|PRIVILEGE_ESCALATION|DATA_EXFILTRATION,RANSOMWARE|PRIVILEGE_ESCALATION|DATA_EXFILTRATION,YES
ASSET_0055,CSE_006,TIER-2,MALWARE|UNAUTHORIZED_ACCESS|NETWORK_ANOMALY|PRIVILEGE_ESCALATION,MALWARE|UNAUTHORIZED_ACCESS|NETWORK_ANOMALY|PRIVILEGE_ESCALATION,YES
ASSET_0056,CSE_006,TIER-2,RANSOMWARE|DATA_EXFILTRATION|NETWORK_ANOMALY,RANSOMWARE|DATA_EXFILTRATION|NETWORK_ANOMALY,YES
ASSET_0057,CSE_006,TIER-2,PHISHING|DATA_EXFILTRATION,PHISHING|DATA_EXFILTRATION,YES
ASSET_0058,CSE_007,TIER-0,PRIVILEGE_ESCALATION|NETWORK_ANOMALY|PHISHING|DATA_EXFILTRATION,PRIVILEGE_ESCALATION|NETWORK_ANOMALY|PHISHING|DATA_EXFILTRATION,YES
ASSET_0059,CSE_007,TIER-2,UNAUTHORIZED_ACCESS|NETWORK_ANOMALY,UNAUTHORIZED_ACCESS|NETWORK_ANOMALY,YES
ASSET_0060,CSE_007,TIER-2,NETWORK_ANOMALY|PRIVILEGE_ESCALATION|PHISHING|DATA_EXFILTRATION,NETWORK_ANOMALY|PRIVILEGE_ESCALATION|PHISHING|DATA_EXFILTRATION,YES
ASSET_0061,CSE_007,TIER-0,DATA_EXFILTRATION|MALWARE|PHISHING,DATA_EXFILTRATION|MALWARE|PHISHING,YES
ASSET_0062,CSE_007,TIER-3,MALWARE|NETWORK_ANOMALY|RANSOMWARE|UNAUTHORIZED_ACCESS,MALWARE|NETWORK_ANOMALY|RANSOMWARE|UNAUTHORIZED_ACCESS,YES
ASSET_0063,CSE_008,TIER-2,DATA_EXFILTRATION|RANSOMWARE|NETWORK_ANOMALY|MALWARE,DATA_EXFILTRATION|RANSOMWARE|NETWORK_ANOMALY|MALWARE,YES
ASSET_0064,CSE_008,TIER-3,RANSOMWARE|DATA_EXFILTRATION|MALWARE,,NO
ASSET_0065,CSE_008,TIER-1,PHISHING|PRIVILEGE_ESCALATION|RANSOMWARE,PHISHING|PRIVILEGE_ESCALATION|RANSOMWARE,YES
ASSET_0066,CSE_008,TIER-1,MALWARE|UNAUTHORIZED_ACCESS|DATA_EXFILTRATION,MALWARE|UNAUTHORIZED_ACCESS|DATA_EXFILTRATION,YES
ASSET_0067,CSE_008,TIER-2,PRIVILEGE_ESCALATION|PHISHING,PRIVILEGE_ESCALATION|PHISHING,YES
ASSET_0068,CSE_008,TIER-3,RANSOMWARE|DATA_EXFILTRATION,,NO
ASSET_0069,CSE_009,TIER-2,DATA_EXFILTRATION|MALWARE|UNAUTHORIZED_ACCESS,DATA_EXFILTRATION|MALWARE|UNAUTHORIZED_ACCESS,YES
ASSET_0070,CSE_009,TIER-2,RANSOMWARE|DATA_EXFILTRATION|UNAUTHORIZED_ACCESS|MALWARE,RANSOMWARE|DATA_EXFILTRATION|UNAUTHORIZED_ACCESS|MALWARE,YES
ASSET_0071,CSE_009,TIER-1,MALWARE|PHISHING,,NO
ASSET_0072,CSE_009,TIER-1,NETWORK_ANOMALY|PRIVILEGE_ESCALATION,NETWORK_ANOMALY|PRIVILEGE_ESCALATION,YES
ASSET_0073,CSE_009,TIER-2,MALWARE|UNAUTHORIZED_ACCESS,MALWARE|UNAUTHORIZED_ACCESS,YES
ASSET_0074,CSE_009,TIER-2,DATA_EXFILTRATION|MALWARE,DATA_EXFILTRATION|MALWARE,YES
ASSET_0075,CSE_010,TIER-2,PRIVILEGE_ESCALATION|NETWORK_ANOMALY,PRIVILEGE_ESCALATION|NETWORK_ANOMALY,YES
ASSET_0076,CSE_010,TIER-2,RANSOMWARE|UNAUTHORIZED_ACCESS|PRIVILEGE_ESCALATION|MALWARE,RANSOMWARE|UNAUTHORIZED_ACCESS|PRIVILEGE_ESCALATION|MALWARE,YES
ASSET_0077,CSE_010,TIER-2,MALWARE|RANSOMWARE,,NO
ASSET_0078,CSE_010,TIER-3,UNAUTHORIZED_ACCESS|DATA_EXFILTRATION|MALWARE|PHISHING,UNAUTHORIZED_ACCESS|DATA_EXFILTRATION|MALWARE|PHISHING,YES
ASSET_0079,CSE_010,TIER-2,MALWARE|DATA_EXFILTRATION|RANSOMWARE|PHISHING,MALWARE|DATA_EXFILTRATION|RANSOMWARE|PHISHING,YES
ASSET_0080,CSE_010,TIER-1,UNAUTHORIZED_ACCESS|MALWARE|DATA_EXFILTRATION,UNAUTHORIZED_ACCESS|MALWARE|DATA_EXFILTRATION,YES
ASSET_0081,CSE_011,TIER-1,RANSOMWARE|UNAUTHORIZED_ACCESS,RANSOMWARE|UNAUTHORIZED_ACCESS,YES
ASSET_0082,CSE_011,TIER-0,DATA_EXFILTRATION|NETWORK_ANOMALY|UNAUTHORIZED_ACCESS,DATA_EXFILTRATION|NETWORK_ANOMALY|UNAUTHORIZED_ACCESS,YES
ASSET_0083,CSE_011,TIER-2,UNAUTHORIZED_ACCESS|NETWORK_ANOMALY,UNAUTHORIZED_ACCESS|NETWORK_ANOMALY,YES
ASSET_0084,CSE_011,TIER-2,PHISHING|UNAUTHORIZED_ACCESS|RANSOMWARE,PHISHING|UNAUTHORIZED_ACCESS|RANSOMWARE,YES
ASSET_0085,CSE_011,TIER-3,DATA_EXFILTRATION|UNAUTHORIZED_ACCESS|PRIVILEGE_ESCALATION,DATA_EXFILTRATION|UNAUTHORIZED_ACCESS|PRIVILEGE_ESCALATION,YES
ASSET_0086,CSE_011,TIER-2,UNAUTHORIZED_ACCESS|DATA_EXFILTRATION,UNAUTHORIZED_ACCESS|DATA_EXFILTRATION,YES
ASSET_0087,CSE_011,TIER-2,PHISHING|NETWORK_ANOMALY|DATA_EXFILTRATION|PRIVILEGE_ESCALATION,PHISHING|NETWORK_ANOMALY|DATA_EXFILTRATION|PRIVILEGE_ESCALATION,YES
ASSET_0088,CSE_011,TIER-3,NETWORK_ANOMALY|PRIVILEGE_ESCALATION,NETWORK_ANOMALY|PRIVILEGE_ESCALATION,YES
ASSET_0089,CSE_012,TIER-1,PRIVILEGE_ESCALATION|PHISHING|DATA_EXFILTRATION|UNAUTHORIZED_ACCESS,PRIVILEGE_ESCALATION|PHISHING|DATA_EXFILTRATION|UNAUTHORIZED_ACCESS,YES
ASSET_0090,CSE_012,TIER-0,MALWARE|PRIVILEGE_ESCALATION,MALWARE|PRIVILEGE_ESCALATION,YES
ASSET_0091,CSE_012,TIER-3,MALWARE|PHISHING|RANSOMWARE,MALWARE|PHISHING|RANSOMWARE,YES
ASSET_0092,CSE_012,TIER-2,RANSOMWARE|PHISHING|DATA_EXFILTRATION|MALWARE,,NO
ASSET_0093,CSE_012,TIER-1,PHISHING|RANSOMWARE|UNAUTHORIZED_ACCESS|PRIVILEGE_ESCALATION,PHISHING|RANSOMWARE|UNAUTHORIZED_ACCESS|PRIVILEGE_ESCALATION,YES
ASSET_0094,CSE_012,TIER-1,DATA_EXFILTRATION|UNAUTHORIZED_ACCESS|PRIVILEGE_ESCALATION,DATA_EXFILTRATION|UNAUTHORIZED_ACCESS|PRIVILEGE_ESCALATION,YES
ASSET_0095,CSE_012,TIER-2,NETWORK_ANOMALY|RANSOMWARE|PRIVILEGE_ESCALATION,NETWORK_ANOMALY|RANSOMWARE|PRIVILEGE_ESCALATION,YES
ASSET_0096,CSE_012,TIER-2,UNAUTHORIZED_ACCESS|DATA_EXFILTRATION,,NO
ASSET_0097,CSE_012,TIER-1,NETWORK_ANOMALY|MALWARE|UNAUTHORIZED_ACCESS,NETWORK_ANOMALY|MALWARE|UNAUTHORIZED_ACCESS,YES
ASSET_0098,CSE_012,TIER-2,DATA_EXFILTRATION|UNAUTHORIZED_ACCESS|MALWARE,DATA_EXFILTRATION|UNAUTHORIZED_ACCESS|MALWARE,YES
ASSET_0099,CSE_013,TIER-3,PRIVILEGE_ESCALATION|NETWORK_ANOMALY,PRIVILEGE_ESCALATION|NETWORK_ANOMALY,YES
ASSET_0100,CSE_013,TIER-1,RANSOMWARE|MALWARE|PRIVILEGE_ESCALATION|PHISHING,,NO
ASSET_0101,CSE_013,TIER-1,PRIVILEGE_ESCALATION|DATA_EXFILTRATION,PRIVILEGE_ESCALATION|DATA_EXFILTRATION,YES
ASSET_0102,CSE_013,TIER-1,PHISHING|UNAUTHORIZED_ACCESS|PRIVILEGE_ESCALATION|RANSOMWARE,PHISHING|UNAUTHORIZED_ACCESS|PRIVILEGE_ESCALATION|RANSOMWARE,YES
ASSET_0103,CSE_013,TIER-3,PHISHING|MALWARE,PHISHING|MALWARE,YES
ASSET_0104,CSE_013,TIER-2,PHISHING|RANSOMWARE|MALWARE,,NO
ASSET_0105,CSE_013,TIER-1,RANSOMWARE|PRIVILEGE_ESCALATION,RANSOMWARE|PRIVILEGE_ESCALATION,YES
ASSET_0106,CSE_014,TIER-2,RANSOMWARE|PHISHING|PRIVILEGE_ESCALATION,RANSOMWARE|PHISHING|PRIVILEGE_ESCALATION,YES
ASSET_0107,CSE_014,TIER-3,UNAUTHORIZED_ACCESS|MALWARE,UNAUTHORIZED_ACCESS|MALWARE,YES
ASSET_0108,CSE_014,TIER-3,UNAUTHORIZED_ACCESS|RANSOMWARE,UNAUTHORIZED_ACCESS|RANSOMWARE,YES
ASSET_0109,CSE_014,TIER-2,UNAUTHORIZED_ACCESS|PHISHING,UNAUTHORIZED_ACCESS|PHISHING,YES
ASSET_0110,CSE_014,TIER-3,DATA_EXFILTRATION|MALWARE,DATA_EXFILTRATION|MALWARE,YES
ASSET_0111,CSE_014,TIER-1,DATA_EXFILTRATION|MALWARE|NETWORK_ANOMALY,DATA_EXFILTRATION|MALWARE|NETWORK_ANOMALY,YES
ASSET_0112,CSE_014,TIER-3,UNAUTHORIZED_ACCESS|DATA_EXFILTRATION|PRIVILEGE_ESCALATION,UNAUTHORIZED_ACCESS|DATA_EXFILTRATION|PRIVILEGE_ESCALATION,YES
ASSET_0113,CSE_014,TIER-2,PRIVILEGE_ESCALATION|UNAUTHORIZED_ACCESS|NETWORK_ANOMALY|DATA_EXFILTRATION,PRIVILEGE_ESCALATION|UNAUTHORIZED_ACCESS|NETWORK_ANOMALY|DATA_EXFILTRATION,YES
ASSET_0114,CSE_014,TIER-2,PRIVILEGE_ESCALATION|MALWARE|DATA_EXFILTRATION|NETWORK_ANOMALY,PRIVILEGE_ESCALATION|MALWARE|DATA_EXFILTRATION|NETWORK_ANOMALY,YES
ASSET_0115,CSE_014,TIER-0,PRIVILEGE_ESCALATION|DATA_EXFILTRATION|NETWORK_ANOMALY,PRIVILEGE_ESCALATION|DATA_EXFILTRATION|NETWORK_ANOMALY,YES
ASSET_0116,CSE_014,TIER-0,UNAUTHORIZED_ACCESS|RANSOMWARE|PRIVILEGE_ESCALATION|NETWORK_ANOMALY,UNAUTHORIZED_ACCESS|RANSOMWARE|PRIVILEGE_ESCALATION|NETWORK_ANOMALY,YES
ASSET_0117,CSE_014,TIER-2,MALWARE|UNAUTHORIZED_ACCESS,,NO
ASSET_0118,CSE_014,TIER-2,PRIVILEGE_ESCALATION|DATA_EXFILTRATION|PHISHING|UNAUTHORIZED_ACCESS,PRIVILEGE_ESCALATION|DATA_EXFILTRATION|PHISHING|UNAUTHORIZED_ACCESS,YES
ASSET_0119,CSE_015,TIER-2,UNAUTHORIZED_ACCESS|RANSOMWARE|PHISHING,UNAUTHORIZED_ACCESS|RANSOMWARE|PHISHING,YES
ASSET_0120,CSE_015,TIER-3,MALWARE|NETWORK_ANOMALY|UNAUTHORIZED_ACCESS|PRIVILEGE_ESCALATION,MALWARE|NETWORK_ANOMALY|UNAUTHORIZED_ACCESS|PRIVILEGE_ESCALATION,YES
ASSET_0121,CSE_015,TIER-0,RANSOMWARE|PHISHING,,NO
ASSET_0122,CSE_015,TIER-2,NETWORK_ANOMALY|RANSOMWARE|MALWARE,NETWORK_ANOMALY|RANSOMWARE|MALWARE,YES
ASSET_0123,CSE_015,TIER-0,RANSOMWARE|DATA_EXFILTRATION|NETWORK_ANOMALY,RANSOMWARE|DATA_EXFILTRATION|NETWORK_ANOMALY,YES
ASSET_0124,CSE_015,TIER-3,PHISHING|MALWARE|NETWORK_ANOMALY,PHISHING|MALWARE|NETWORK_ANOMALY,YES
ASSET_0125,CSE_015,TIER-1,NETWORK_ANOMALY|PRIVILEGE_ESCALATION|DATA_EXFILTRATION,NETWORK_ANOMALY|PRIVILEGE_ESCALATION|DATA_EXFILTRATION,YES
ASSET_0126,CSE_015,TIER-1,NETWORK_ANOMALY|PHISHING|PRIVILEGE_ESCALATION|UNAUTHORIZED_ACCESS,NETWORK_ANOMALY|PHISHING|PRIVILEGE_ESCALATION|UNAUTHORIZED_ACCESS,YES
ASSET_0127,CSE_015,TIER-3,PRIVILEGE_ESCALATION|NETWORK_ANOMALY|DATA_EXFILTRATION|RANSOMWARE,PRIVILEGE_ESCALATION|NETWORK_ANOMALY|DATA_EXFILTRATION|RANSOMWARE,YES
ASSET_0128,CSE_015,TIER-3,RANSOMWARE|DATA_EXFILTRATION|PRIVILEGE_ESCALATION|UNAUTHORIZED_ACCESS,RANSOMWARE|DATA_EXFILTRATION|PRIVILEGE_ESCALATION|UNAUTHORIZED_ACCESS,YES
ASSET_0129,CSE_015,TIER-1,MALWARE|PHISHING|NETWORK_ANOMALY,MALWARE|PHISHING|NETWORK_ANOMALY,YES
ASSET_0130,CSE_015,TIER-3,NETWORK_ANOMALY|DATA_EXFILTRATION|MALWARE|PRIVILEGE_ESCALATION,NETWORK_ANOMALY|DATA_EXFILTRATION|MALWARE|PRIVILEGE_ESCALATION,YES
ASSET_0131,CSE_015,TIER-2,PHISHING|UNAUTHORIZED_ACCESS|PRIVILEGE_ESCALATION,PHISHING|UNAUTHORIZED_ACCESS|PRIVILEGE_ESCALATION,YES
ASSET_0132,CSE_015,TIER-3,PHISHING|MALWARE|NETWORK_ANOMALY,PHISHING|MALWARE|NETWORK_ANOMALY,YES
ASSET_0133,CSE_015,TIER-2,DATA_EXFILTRATION|MALWARE,DATA_EXFILTRATION|MALWARE,YES
ASSET_0134,CSE_016,TIER-0,PHISHING|PRIVILEGE_ESCALATION|UNAUTHORIZED_ACCESS,,NO
ASSET_0135,CSE_016,TIER-2,RANSOMWARE|PHISHING|MALWARE|UNAUTHORIZED_ACCESS,RANSOMWARE|PHISHING|MALWARE|UNAUTHORIZED_ACCESS,YES
ASSET_0136,CSE_016,TIER-1,MALWARE|DATA_EXFILTRATION|UNAUTHORIZED_ACCESS,MALWARE|DATA_EXFILTRATION|UNAUTHORIZED_ACCESS,YES
ASSET_0137,CSE_016,TIER-3,DATA_EXFILTRATION|NETWORK_ANOMALY|MALWARE,DATA_EXFILTRATION|NETWORK_ANOMALY|MALWARE,YES
ASSET_0138,CSE_016,TIER-2,PHISHING|RANSOMWARE|UNAUTHORIZED_ACCESS,PHISHING|RANSOMWARE|UNAUTHORIZED_ACCESS,YES
ASSET_0139,CSE_016,TIER-0,RANSOMWARE|DATA_EXFILTRATION|MALWARE|UNAUTHORIZED_ACCESS,RANSOMWARE|DATA_EXFILTRATION|MALWARE|UNAUTHORIZED_ACCESS,YES
ASSET_0140,CSE_017,TIER-1,UNAUTHORIZED_ACCESS|PHISHING,,NO
ASSET_0141,CSE_017,TIER-3,UNAUTHORIZED_ACCESS|MALWARE|RANSOMWARE|NETWORK_ANOMALY,UNAUTHORIZED_ACCESS|MALWARE|RANSOMWARE|NETWORK_ANOMALY,YES
ASSET_0142,CSE_017,TIER-1,RANSOMWARE|PHISHING,RANSOMWARE|PHISHING,YES
ASSET_0143,CSE_017,TIER-2,MALWARE|RANSOMWARE,MALWARE|RANSOMWARE,YES
ASSET_0144,CSE_017,TIER-1,UNAUTHORIZED_ACCESS|RANSOMWARE|PRIVILEGE_ESCALATION,UNAUTHORIZED_ACCESS|RANSOMWARE|PRIVILEGE_ESCALATION,YES
ASSET_0145,CSE_018,TIER-0,RANSOMWARE|UNAUTHORIZED_ACCESS|NETWORK_ANOMALY,RANSOMWARE|UNAUTHORIZED_ACCESS|NETWORK_ANOMALY,YES
ASSET_0146,CSE_018,TIER-1,MALWARE|PRIVILEGE_ESCALATION|DATA_EXFILTRATION,MALWARE|PRIVILEGE_ESCALATION|DATA_EXFILTRATION,YES
ASSET_0147,CSE_018,TIER-2,NETWORK_ANOMALY|UNAUTHORIZED_ACCESS|RANSOMWARE,NETWORK_ANOMALY|UNAUTHORIZED_ACCESS|RANSOMWARE,YES
ASSET_0148,CSE_018,TIER-2,MALWARE|DATA_EXFILTRATION|NETWORK_ANOMALY|PHISHING,MALWARE|DATA_EXFILTRATION|NETWORK_ANOMALY|PHISHING,YES
ASSET_0149,CSE_018,TIER-3,PHISHING|PRIVILEGE_ESCALATION,PHISHING|PRIVILEGE_ESCALATION,YES
ASSET_0150,CSE_018,TIER-0,RANSOMWARE|PHISHING|PRIVILEGE_ESCALATION|MALWARE,RANSOMWARE|PHISHING|PRIVILEGE_ESCALATION|MALWARE,YES
ASSET_0151,CSE_018,TIER-2,PHISHING|PRIVILEGE_ESCALATION|UNAUTHORIZED_ACCESS,PHISHING|PRIVILEGE_ESCALATION|UNAUTHORIZED_ACCESS,YES
ASSET_0152,CSE_018,TIER-2,DATA_EXFILTRATION|MALWARE|PHISHING,DATA_EXFILTRATION|MALWARE|PHISHING,YES
ASSET_0153,CSE_019,TIER-0,DATA_EXFILTRATION|NETWORK_ANOMALY,DATA_EXFILTRATION|NETWORK_ANOMALY,YES
ASSET_0154,CSE_019,TIER-0,MALWARE|UNAUTHORIZED_ACCESS,MALWARE|UNAUTHORIZED_ACCESS,YES
ASSET_0155,CSE_019,TIER-0,UNAUTHORIZED_ACCESS|MALWARE|DATA_EXFILTRATION,UNAUTHORIZED_ACCESS|MALWARE|DATA_EXFILTRATION,YES
ASSET_0156,CSE_019,TIER-0,DATA_EXFILTRATION|RANSOMWARE|MALWARE|UNAUTHORIZED_ACCESS,DATA_EXFILTRATION|RANSOMWARE|MALWARE|UNAUTHORIZED_ACCESS,YES
ASSET_0157,CSE_019,TIER-2,PHISHING|RANSOMWARE,PHISHING|RANSOMWARE,YES
ASSET_0158,CSE_020,TIER-3,UNAUTHORIZED_ACCESS|RANSOMWARE,UNAUTHORIZED_ACCESS|RANSOMWARE,YES
ASSET_0159,CSE_020,TIER-1,PRIVILEGE_ESCALATION|DATA_EXFILTRATION,PRIVILEGE_ESCALATION|DATA_EXFILTRATION,YES
ASSET_0160,CSE_020,TIER-1,MALWARE|NETWORK_ANOMALY|PHISHING|PRIVILEGE_ESCALATION,MALWARE|NETWORK_ANOMALY|PHISHING|PRIVILEGE_ESCALATION,YES
ASSET_0161,CSE_020,TIER-2,DATA_EXFILTRATION|RANSOMWARE,DATA_EXFILTRATION|RANSOMWARE,YES
ASSET_0162,CSE_020,TIER-2,RANSOMWARE|DATA_EXFILTRATION|PHISHING,,NO
ASSET_0163,CSE_020,TIER-2,NETWORK_ANOMALY|UNAUTHORIZED_ACCESS,NETWORK_ANOMALY|UNAUTHORIZED_ACCESS,YES
